"year","mean","location","age","per1000"
1970,0.196474825684938,"Cambodia","Under 5",196.474825684938
1971,0.194180296752598,"Cambodia","Under 5",194.180296752598
1972,0.191926524169954,"Cambodia","Under 5",191.926524169954
1973,0.192961494155506,"Cambodia","Under 5",192.961494155506
1974,0.193415981695784,"Cambodia","Under 5",193.415981695784
1975,0.283351749194416,"Cambodia","Under 5",283.351749194416
1976,0.281182110698654,"Cambodia","Under 5",281.182110698654
1977,0.280681922288995,"Cambodia","Under 5",280.681922288995
1978,0.280836387877493,"Cambodia","Under 5",280.836387877493
1979,0.282091222610467,"Cambodia","Under 5",282.091222610467
1980,0.158443122581873,"Cambodia","Under 5",158.443122581873
1981,0.154536600105555,"Cambodia","Under 5",154.536600105555
1982,0.150269785007144,"Cambodia","Under 5",150.269785007144
1983,0.14609837451375,"Cambodia","Under 5",146.09837451375
1984,0.142105484392556,"Cambodia","Under 5",142.105484392556
1985,0.138497950252091,"Cambodia","Under 5",138.497950252091
1986,0.135423790594377,"Cambodia","Under 5",135.423790594377
1987,0.128261437854903,"Cambodia","Under 5",128.261437854903
1988,0.124221007793935,"Cambodia","Under 5",124.221007793935
1989,0.121791086177144,"Cambodia","Under 5",121.791086177144
1990,0.119307664318327,"Cambodia","Under 5",119.307664318327
1991,0.117444399494472,"Cambodia","Under 5",117.444399494472
1992,0.115452120827702,"Cambodia","Under 5",115.452120827702
1993,0.114164470802846,"Cambodia","Under 5",114.164470802846
1994,0.113663039123417,"Cambodia","Under 5",113.663039123417
1995,0.111907910014613,"Cambodia","Under 5",111.907910014613
1996,0.110008787498831,"Cambodia","Under 5",110.008787498831
1997,0.107271340929661,"Cambodia","Under 5",107.271340929661
1998,0.104012973197817,"Cambodia","Under 5",104.012973197817
1999,0.0999077503945491,"Cambodia","Under 5",99.9077503945491
2000,0.094784187095919,"Cambodia","Under 5",94.784187095919
2001,0.0892996358432471,"Cambodia","Under 5",89.2996358432471
2002,0.0836590899878064,"Cambodia","Under 5",83.6590899878064
2003,0.0779667810004983,"Cambodia","Under 5",77.9667810004983
2004,0.0723799075168426,"Cambodia","Under 5",72.3799075168426
2005,0.0669340493762635,"Cambodia","Under 5",66.9340493762635
2006,0.061858121284893,"Cambodia","Under 5",61.858121284893
2007,0.0571848234278486,"Cambodia","Under 5",57.1848234278486
2008,0.0529331296205749,"Cambodia","Under 5",52.9331296205749
2009,0.0493005366094993,"Cambodia","Under 5",49.3005366094993
2010,0.046154823134267,"Cambodia","Under 5",46.154823134267
2011,0.0430723493698011,"Cambodia","Under 5",43.0723493698011
2012,0.0403207101969512,"Cambodia","Under 5",40.3207101969512
2013,0.0379372591315469,"Cambodia","Under 5",37.9372591315469
2014,0.0357760346944833,"Cambodia","Under 5",35.7760346944833
2015,0.0337750851962921,"Cambodia","Under 5",33.7750851962921
2016,0.0318789597891256,"Cambodia","Under 5",31.8789597891256
1970,0.0590120611523364,"Cambodia","Neonatal",59.0120611523364
1971,0.0584682917658359,"Cambodia","Neonatal",58.4682917658359
1972,0.0578834244349153,"Cambodia","Neonatal",57.8834244349153
1973,0.0583573231598328,"Cambodia","Neonatal",58.3573231598328
1974,0.0586295167986243,"Cambodia","Neonatal",58.6295167986243
1975,0.0689658483001649,"Cambodia","Neonatal",68.965848300165
1976,0.0685131454737532,"Cambodia","Neonatal",68.5131454737532
1977,0.0684206698847639,"Cambodia","Neonatal",68.4206698847639
1978,0.0682849365869423,"Cambodia","Neonatal",68.2849365869424
1979,0.0683298652221711,"Cambodia","Neonatal",68.3298652221711
1980,0.0518157626816577,"Cambodia","Neonatal",51.8157626816577
1981,0.0507898151517352,"Cambodia","Neonatal",50.7898151517352
1982,0.049689720017869,"Cambodia","Neonatal",49.689720017869
1983,0.0486094243919479,"Cambodia","Neonatal",48.6094243919479
1984,0.0475367571874101,"Cambodia","Neonatal",47.5367571874101
1985,0.0465360673449812,"Cambodia","Neonatal",46.5360673449812
1986,0.0457203174656597,"Cambodia","Neonatal",45.7203174656597
1987,0.0444056566819774,"Cambodia","Neonatal",44.4056566819774
1988,0.0433430859412407,"Cambodia","Neonatal",43.3430859412407
1989,0.0425018100289206,"Cambodia","Neonatal",42.5018100289206
1990,0.0418381046105214,"Cambodia","Neonatal",41.8381046105214
1991,0.0412776232073523,"Cambodia","Neonatal",41.2776232073523
1992,0.0407900788930964,"Cambodia","Neonatal",40.7900788930964
1993,0.0404828486143881,"Cambodia","Neonatal",40.4828486143881
1994,0.0403156190953875,"Cambodia","Neonatal",40.3156190953875
1995,0.0400263520523888,"Cambodia","Neonatal",40.0263520523888
1996,0.0396753419575592,"Cambodia","Neonatal",39.6753419575592
1997,0.0390995921900615,"Cambodia","Neonatal",39.0995921900615
1998,0.0383615423714053,"Cambodia","Neonatal",38.3615423714053
1999,0.0373104952740957,"Cambodia","Neonatal",37.3104952740957
2000,0.035952074679782,"Cambodia","Neonatal",35.952074679782
2001,0.034405096972618,"Cambodia","Neonatal",34.405096972618
2002,0.032717161694264,"Cambodia","Neonatal",32.717161694264
2003,0.030966486311093,"Cambodia","Neonatal",30.966486311093
2004,0.0292237411676168,"Cambodia","Neonatal",29.2237411676168
2005,0.0275098475938352,"Cambodia","Neonatal",27.5098475938352
2006,0.0258937535973701,"Cambodia","Neonatal",25.8937535973701
2007,0.0243925748621403,"Cambodia","Neonatal",24.3925748621403
2008,0.0229971140227035,"Cambodia","Neonatal",22.9971140227035
2009,0.0217969175829738,"Cambodia","Neonatal",21.7969175829738
2010,0.0207103559812527,"Cambodia","Neonatal",20.7103559812527
2011,0.0196566186115451,"Cambodia","Neonatal",19.6566186115451
2012,0.0187411695778239,"Cambodia","Neonatal",18.7411695778239
2013,0.0179056934531655,"Cambodia","Neonatal",17.9056934531655
2014,0.0171943502871487,"Cambodia","Neonatal",17.1943502871487
2015,0.0165248356551838,"Cambodia","Neonatal",16.5248356551838
2016,0.0157326196540991,"Cambodia","Neonatal",15.7326196540991
1970,0.205926521514008,"Peru","Under 5",205.926521514008
1971,0.178136178255964,"Peru","Under 5",178.136178255964
1972,0.172070252838791,"Peru","Under 5",172.070252838791
1973,0.166627143149723,"Peru","Under 5",166.627143149723
1974,0.161082431302924,"Peru","Under 5",161.082431302924
1975,0.155862573869153,"Peru","Under 5",155.862573869153
1976,0.150957456301476,"Peru","Under 5",150.957456301476
1977,0.146172548393816,"Peru","Under 5",146.172548393816
1978,0.14143353747521,"Peru","Under 5",141.43353747521
1979,0.136267559194938,"Peru","Under 5",136.267559194938
1980,0.13105144363042,"Peru","Under 5",131.05144363042
1981,0.125813485959752,"Peru","Under 5",125.813485959752
1982,0.121020554508279,"Peru","Under 5",121.020554508279
1983,0.116541773436433,"Peru","Under 5",116.541773436433
1984,0.111604868886028,"Peru","Under 5",111.604868886028
1985,0.105753713106113,"Peru","Under 5",105.753713106113
1986,0.099756469150618,"Peru","Under 5",99.756469150618
1987,0.0935050644982832,"Peru","Under 5",93.5050644982832
1988,0.0878641382471874,"Peru","Under 5",87.8641382471874
1989,0.0836123899809559,"Peru","Under 5",83.6123899809559
1990,0.0793244344650832,"Peru","Under 5",79.3244344650832
1991,0.0792570536321913,"Peru","Under 5",79.2570536321913
1992,0.0719781397709744,"Peru","Under 5",71.9781397709744
1993,0.0673100289979041,"Peru","Under 5",67.3100289979041
1994,0.0619655059859989,"Peru","Under 5",61.9655059859989
1995,0.0572102631901986,"Peru","Under 5",57.2102631901986
1996,0.0525364103644897,"Peru","Under 5",52.5364103644897
1997,0.0484122393554863,"Peru","Under 5",48.4122393554863
1998,0.0450618564112483,"Peru","Under 5",45.0618564112483
1999,0.0410914131876503,"Peru","Under 5",41.0914131876503
2000,0.0381848381939147,"Peru","Under 5",38.1848381939147
2001,0.0358669965117284,"Peru","Under 5",35.8669965117284
2002,0.0336372390695228,"Peru","Under 5",33.6372390695228
2003,0.0318026981518496,"Peru","Under 5",31.8026981518496
2004,0.0301613132368542,"Peru","Under 5",30.1613132368542
2005,0.0286047234169405,"Peru","Under 5",28.6047234169405
2006,0.0270478741728361,"Peru","Under 5",27.0478741728361
2007,0.025621451655983,"Peru","Under 5",25.621451655983
2008,0.0241283843676894,"Peru","Under 5",24.1283843676894
2009,0.0229762715273401,"Peru","Under 5",22.9762715273401
2010,0.0218505065316063,"Peru","Under 5",21.8505065316063
2011,0.0207900248282298,"Peru","Under 5",20.7900248282298
2012,0.0198184391877271,"Peru","Under 5",19.8184391877271
2013,0.0189233938810202,"Peru","Under 5",18.9233938810202
2014,0.0181201655302117,"Peru","Under 5",18.1201655302117
2015,0.0173390887733941,"Peru","Under 5",17.3390887733941
2016,0.0166095762987354,"Peru","Under 5",16.6095762987354
1970,0.0496620974931968,"Peru","Neonatal",49.6620974931968
1971,0.0476547849259139,"Peru","Neonatal",47.6547849259139
1972,0.0465064495071468,"Peru","Neonatal",46.5064495071468
1973,0.0454239102816011,"Peru","Neonatal",45.4239102816011
1974,0.0443835931748691,"Peru","Neonatal",44.3835931748691
1975,0.043471910651001,"Peru","Neonatal",43.471910651001
1976,0.0426171295841421,"Peru","Neonatal",42.6171295841421
1977,0.0417925681684931,"Peru","Neonatal",41.7925681684931
1978,0.0409896150461001,"Peru","Neonatal",40.9896150461001
1979,0.0400650713138165,"Peru","Neonatal",40.0650713138165
1980,0.0391341351368087,"Peru","Neonatal",39.1341351368087
1981,0.0381818852036951,"Peru","Neonatal",38.1818852036951
1982,0.0372952052352031,"Peru","Neonatal",37.2952052352031
1983,0.036481859858058,"Peru","Neonatal",36.481859858058
1984,0.0355580451673563,"Peru","Neonatal",35.5580451673563
1985,0.034428260543993,"Peru","Neonatal",34.4282605439929
1986,0.0331665745429268,"Peru","Neonatal",33.1665745429268
1987,0.0317055474704129,"Peru","Neonatal",31.7055474704129
1988,0.0302845921926785,"Peru","Neonatal",30.2845921926785
1989,0.0291951079621605,"Peru","Neonatal",29.1951079621605
1990,0.0280904221346809,"Peru","Neonatal",28.0904221346809
1991,0.0272836397211229,"Peru","Neonatal",27.2836397211229
1992,0.0257670942609078,"Peru","Neonatal",25.7670942609078
1993,0.0243979956432031,"Peru","Neonatal",24.3979956432031
1994,0.0228752275849097,"Peru","Neonatal",22.8752275849097
1995,0.0214063242526989,"Peru","Neonatal",21.406324252699
1996,0.0200049840133292,"Peru","Neonatal",20.0049840133292
1997,0.0186528317354099,"Peru","Neonatal",18.6528317354099
1998,0.0174817704875749,"Peru","Neonatal",17.4817704875749
1999,0.0163646940992618,"Peru","Neonatal",16.3646940992618
2000,0.0154408383345899,"Peru","Neonatal",15.4408383345899
2001,0.0146844758472492,"Peru","Neonatal",14.6844758472492
2002,0.0140162859285929,"Peru","Neonatal",14.0162859285929
2003,0.01343921555108,"Peru","Neonatal",13.43921555108
2004,0.0129292360148383,"Peru","Neonatal",12.9292360148383
2005,0.0124580950146082,"Peru","Neonatal",12.4580950146082
2006,0.0119684862991927,"Peru","Neonatal",11.9684862991927
2007,0.0114834514463249,"Peru","Neonatal",11.4834514463249
2008,0.0110061790970274,"Peru","Neonatal",11.0061790970274
2009,0.0106027369866618,"Peru","Neonatal",10.6027369866618
2010,0.0101987005805818,"Peru","Neonatal",10.1987005805818
2011,0.00978809227340061,"Peru","Neonatal",9.78809227340061
2012,0.00937768236252334,"Peru","Neonatal",9.37768236252334
2013,0.00897002887173592,"Peru","Neonatal",8.97002887173592
2014,0.00857750016196268,"Peru","Neonatal",8.57750016196268
2015,0.00818613859448092,"Peru","Neonatal",8.18613859448092
2016,0.00782375299028493,"Peru","Neonatal",7.82375299028493
1970,0.240573331251672,"Bangladesh","Under 5",240.573331251672
1971,0.237233304233811,"Bangladesh","Under 5",237.233304233811
1972,0.217346882005911,"Bangladesh","Under 5",217.346882005911
1973,0.215928624993243,"Bangladesh","Under 5",215.928624993243
1974,0.215211461676338,"Bangladesh","Under 5",215.211461676338
1975,0.211455610517166,"Bangladesh","Under 5",211.455610517166
1976,0.208448430238724,"Bangladesh","Under 5",208.448430238724
1977,0.205191133040949,"Bangladesh","Under 5",205.191133040949
1978,0.201183260999322,"Bangladesh","Under 5",201.183260999322
1979,0.196666365282924,"Bangladesh","Under 5",196.666365282924
1980,0.192251835833463,"Bangladesh","Under 5",192.251835833463
1981,0.187546396888137,"Bangladesh","Under 5",187.546396888137
1982,0.183391805318991,"Bangladesh","Under 5",183.391805318991
1983,0.177646462812682,"Bangladesh","Under 5",177.646462812682
1984,0.171876941743023,"Bangladesh","Under 5",171.876941743023
1985,0.166732710375005,"Bangladesh","Under 5",166.732710375005
1986,0.160314119377705,"Bangladesh","Under 5",160.314119377705
1987,0.154596843788259,"Bangladesh","Under 5",154.596843788259
1988,0.148878091786372,"Bangladesh","Under 5",148.878091786372
1989,0.14278034198856,"Bangladesh","Under 5",142.78034198856
1990,0.136807407735841,"Bangladesh","Under 5",136.807407735841
1991,0.136806038185667,"Bangladesh","Under 5",136.806038185667
1992,0.125321132271526,"Bangladesh","Under 5",125.321132271526
1993,0.119650906373854,"Bangladesh","Under 5",119.650906373854
1994,0.114220338450191,"Bangladesh","Under 5",114.220338450191
1995,0.10898354428307,"Bangladesh","Under 5",108.98354428307
1996,0.10389892101421,"Bangladesh","Under 5",103.89892101421
1997,0.0991030437989533,"Bangladesh","Under 5",99.1030437989533
1998,0.0945558151394325,"Bangladesh","Under 5",94.5558151394325
1999,0.0902058385391633,"Bangladesh","Under 5",90.2058385391633
2000,0.0860721071819088,"Bangladesh","Under 5",86.0721071819088
2001,0.0821081719936598,"Bangladesh","Under 5",82.1081719936598
2002,0.0783019178916724,"Bangladesh","Under 5",78.3019178916724
2003,0.0746571426726189,"Bangladesh","Under 5",74.6571426726189
2004,0.0711170779752244,"Bangladesh","Under 5",71.1170779752244
2005,0.0676282076588582,"Bangladesh","Under 5",67.6282076588582
2006,0.0641306606631021,"Bangladesh","Under 5",64.1306606631021
2007,0.0608262372906075,"Bangladesh","Under 5",60.8262372906075
2008,0.0573047205045971,"Bangladesh","Under 5",57.3047205045971
2009,0.0540314592872629,"Bangladesh","Under 5",54.0314592872629
2010,0.0508545937291993,"Bangladesh","Under 5",50.8545937291993
2011,0.0477470152450438,"Bangladesh","Under 5",47.7470152450438
2012,0.0447491181205354,"Bangladesh","Under 5",44.7491181205354
2013,0.0418796651060438,"Bangladesh","Under 5",41.8796651060438
2014,0.0391098077092352,"Bangladesh","Under 5",39.1098077092352
2015,0.0364501593007471,"Bangladesh","Under 5",36.4501593007471
2016,0.03396583409177,"Bangladesh","Under 5",33.96583409177
1970,0.0903589508306374,"Bangladesh","Neonatal",90.3589508306374
1971,0.0903744742463698,"Bangladesh","Neonatal",90.3744742463698
1972,0.08736974396491,"Bangladesh","Neonatal",87.36974396491
1973,0.0867799750304485,"Bangladesh","Neonatal",86.7799750304485
1974,0.0859831389224643,"Bangladesh","Neonatal",85.9831389224643
1975,0.0852035206358892,"Bangladesh","Neonatal",85.2035206358892
1976,0.084104291007815,"Bangladesh","Neonatal",84.104291007815
1977,0.0828856431352841,"Bangladesh","Neonatal",82.8856431352841
1978,0.0814921326683692,"Bangladesh","Neonatal",81.4921326683692
1979,0.0799076869654277,"Bangladesh","Neonatal",79.9076869654277
1980,0.0783541279911376,"Bangladesh","Neonatal",78.3541279911376
1981,0.0767261966911745,"Bangladesh","Neonatal",76.7261966911745
1982,0.0751558468276144,"Bangladesh","Neonatal",75.1558468276145
1983,0.0733943420113721,"Bangladesh","Neonatal",73.3943420113721
1984,0.0714959276595004,"Bangladesh","Neonatal",71.4959276595004
1985,0.0696308091542117,"Bangladesh","Neonatal",69.6308091542117
1986,0.0677571975033732,"Bangladesh","Neonatal",67.7571975033732
1987,0.0659034679862534,"Bangladesh","Neonatal",65.9034679862533
1988,0.0640746407853379,"Bangladesh","Neonatal",64.0746407853379
1989,0.0621750871336897,"Bangladesh","Neonatal",62.1750871336897
1990,0.0602511802960219,"Bangladesh","Neonatal",60.2511802960219
1991,0.0585873714375764,"Bangladesh","Neonatal",58.5873714375764
1992,0.0565176157809388,"Bangladesh","Neonatal",56.5176157809388
1993,0.0546391307076716,"Bangladesh","Neonatal",54.6391307076716
1994,0.0528289903098517,"Bangladesh","Neonatal",52.8289903098517
1995,0.0510319633698454,"Bangladesh","Neonatal",51.0319633698454
1996,0.0492685133370711,"Bangladesh","Neonatal",49.268513337071
1997,0.0475897376061718,"Bangladesh","Neonatal",47.5897376061718
1998,0.045978013670962,"Bangladesh","Neonatal",45.978013670962
1999,0.044426790746071,"Bangladesh","Neonatal",44.426790746071
2000,0.0429010961915485,"Bangladesh","Neonatal",42.9010961915485
2001,0.0414110473083938,"Bangladesh","Neonatal",41.4110473083938
2002,0.039976328683311,"Bangladesh","Neonatal",39.976328683311
2003,0.0385792724593099,"Bangladesh","Neonatal",38.5792724593099
2004,0.0371965647177982,"Bangladesh","Neonatal",37.1965647177982
2005,0.0358247666861673,"Bangladesh","Neonatal",35.8247666861673
2006,0.034409757613582,"Bangladesh","Neonatal",34.409757613582
2007,0.0329952491588764,"Bangladesh","Neonatal",32.9952491588764
2008,0.031614286305568,"Bangladesh","Neonatal",31.614286305568
2009,0.0302359438730175,"Bangladesh","Neonatal",30.2359438730175
2010,0.0288645219353997,"Bangladesh","Neonatal",28.8645219353997
2011,0.0274887982403789,"Bangladesh","Neonatal",27.4887982403789
2012,0.0261515037852387,"Bangladesh","Neonatal",26.1515037852387
2013,0.0248511350434344,"Bangladesh","Neonatal",24.8511350434344
2014,0.0235725253392302,"Bangladesh","Neonatal",23.5725253392302
2015,0.0223122734681868,"Bangladesh","Neonatal",22.3122734681868
2016,0.0209548342206598,"Bangladesh","Neonatal",20.9548342206598
1970,0.246596848435845,"Nepal","Under 5",246.596848435845
1971,0.242266941926139,"Nepal","Under 5",242.266941926139
1972,0.238075199962755,"Nepal","Under 5",238.075199962755
1973,0.234267054864348,"Nepal","Under 5",234.267054864348
1974,0.229852459122677,"Nepal","Under 5",229.852459122677
1975,0.2256926620375,"Nepal","Under 5",225.6926620375
1976,0.221431288774574,"Nepal","Under 5",221.431288774574
1977,0.216683667213261,"Nepal","Under 5",216.683667213261
1978,0.211597611189321,"Nepal","Under 5",211.597611189321
1979,0.206039710084455,"Nepal","Under 5",206.039710084455
1980,0.201084071765399,"Nepal","Under 5",201.084071765399
1981,0.195454758179107,"Nepal","Under 5",195.454758179107
1982,0.189204286468847,"Nepal","Under 5",189.204286468847
1983,0.183381228236882,"Nepal","Under 5",183.381228236882
1984,0.176784294115868,"Nepal","Under 5",176.784294115868
1985,0.169880815169968,"Nepal","Under 5",169.880815169968
1986,0.163029643190004,"Nepal","Under 5",163.029643190004
1987,0.15646435855811,"Nepal","Under 5",156.46435855811
1988,0.149719521481,"Nepal","Under 5",149.719521481
1989,0.142642008876381,"Nepal","Under 5",142.642008876381
1990,0.136567804676165,"Nepal","Under 5",136.567804676165
1991,0.130427537238016,"Nepal","Under 5",130.427537238016
1992,0.123145287437978,"Nepal","Under 5",123.145287437978
1993,0.117341053155289,"Nepal","Under 5",117.341053155289
1994,0.111139391674055,"Nepal","Under 5",111.139391674055
1995,0.105560210829259,"Nepal","Under 5",105.560210829259
1996,0.100167990691355,"Nepal","Under 5",100.167990691355
1997,0.09484715950286,"Nepal","Under 5",94.84715950286
1998,0.090161430444489,"Nepal","Under 5",90.161430444489
1999,0.0854890960730551,"Nepal","Under 5",85.4890960730551
2000,0.0810396722091786,"Nepal","Under 5",81.0396722091786
2001,0.0768123823710788,"Nepal","Under 5",76.8123823710788
2002,0.0736877198944819,"Nepal","Under 5",73.6877198944819
2003,0.0695593830027131,"Nepal","Under 5",69.5593830027131
2004,0.0661921871854427,"Nepal","Under 5",66.1921871854427
2005,0.0626659513825184,"Nepal","Under 5",62.6659513825184
2006,0.0592817424942567,"Nepal","Under 5",59.2817424942567
2007,0.0559864398955212,"Nepal","Under 5",55.9864398955212
2008,0.052670527240223,"Nepal","Under 5",52.670527240223
2009,0.0493201779163099,"Nepal","Under 5",49.3201779163099
2010,0.0459864124087451,"Nepal","Under 5",45.9864124087451
2011,0.0427607108009793,"Nepal","Under 5",42.7607108009793
2012,0.0396058935521078,"Nepal","Under 5",39.6058935521078
2013,0.0367429829715071,"Nepal","Under 5",36.7429829715071
2014,0.0341396831600885,"Nepal","Under 5",34.1396831600885
2015,0.0325427652537134,"Nepal","Under 5",32.5427652537134
2016,0.0293543978890501,"Nepal","Under 5",29.3543978890501
1970,0.0906356695857939,"Nepal","Neonatal",90.6356695857939
1971,0.0892868670369357,"Nepal","Neonatal",89.2868670369357
1972,0.0879137154811654,"Nepal","Neonatal",87.9137154811654
1973,0.0867062513620893,"Nepal","Neonatal",86.7062513620893
1974,0.0853146978346722,"Nepal","Neonatal",85.3146978346722
1975,0.0840006314882519,"Nepal","Neonatal",84.0006314882519
1976,0.082673462816199,"Nepal","Neonatal",82.673462816199
1977,0.0812549940106386,"Nepal","Neonatal",81.2549940106386
1978,0.0797127865187763,"Nepal","Neonatal",79.7127865187763
1979,0.0779713988618662,"Nepal","Neonatal",77.9713988618662
1980,0.0764674026377706,"Nepal","Neonatal",76.4674026377706
1981,0.0747401624712765,"Nepal","Neonatal",74.7401624712765
1982,0.0728713198720633,"Nepal","Neonatal",72.8713198720633
1983,0.071142937560713,"Nepal","Neonatal",71.142937560713
1984,0.0691652916759975,"Nepal","Neonatal",69.1652916759975
1985,0.067081417874873,"Nepal","Neonatal",67.081417874873
1986,0.064981575093193,"Nepal","Neonatal",64.981575093193
1987,0.0630588588618564,"Nepal","Neonatal",63.0588588618564
1988,0.0611772252372162,"Nepal","Neonatal",61.1772252372162
1989,0.0593579986587237,"Nepal","Neonatal",59.3579986587237
1990,0.0576623213976794,"Nepal","Neonatal",57.6623213976793
1991,0.0558641153063982,"Nepal","Neonatal",55.8641153063982
1992,0.0539905729005293,"Nepal","Neonatal",53.9905729005293
1993,0.0522591490647311,"Nepal","Neonatal",52.2591490647311
1994,0.0504060405707409,"Nepal","Neonatal",50.4060405707409
1995,0.0487087695037604,"Nepal","Neonatal",48.7087695037604
1996,0.0469515622731312,"Nepal","Neonatal",46.9515622731312
1997,0.0452138933173034,"Nepal","Neonatal",45.2138933173034
1998,0.0435920443646972,"Nepal","Neonatal",43.5920443646972
1999,0.0419872324142979,"Nepal","Neonatal",41.9872324142979
2000,0.0404014463454788,"Nepal","Neonatal",40.4014463454788
2001,0.038831560950767,"Nepal","Neonatal",38.831560950767
2002,0.0374649950662046,"Nepal","Neonatal",37.4649950662046
2003,0.0360464824063812,"Nepal","Neonatal",36.0464824063812
2004,0.034698343623736,"Nepal","Neonatal",34.698343623736
2005,0.0333467975931697,"Nepal","Neonatal",33.3467975931697
2006,0.032029772745786,"Nepal","Neonatal",32.029772745786
2007,0.0307027211044711,"Nepal","Neonatal",30.7027211044711
2008,0.0293077086368394,"Nepal","Neonatal",29.3077086368394
2009,0.02787440625605,"Nepal","Neonatal",27.87440625605
2010,0.0264208401262995,"Nepal","Neonatal",26.4208401262995
2011,0.024975263290735,"Nepal","Neonatal",24.975263290735
2012,0.0235327961376117,"Nepal","Neonatal",23.5327961376117
2013,0.0221902147762759,"Nepal","Neonatal",22.1902147762759
2014,0.020937998544672,"Nepal","Neonatal",20.937998544672
2015,0.0197722451493344,"Nepal","Neonatal",19.7722451493344
2016,0.0184584507973595,"Nepal","Neonatal",18.4584507973595
1970,0.235764955443404,"Ethiopia","Under 5",235.764955443404
1971,0.234564863374073,"Ethiopia","Under 5",234.564863374073
1972,0.23238205259472,"Ethiopia","Under 5",232.38205259472
1973,0.239335168448718,"Ethiopia","Under 5",239.335168448718
1974,0.237528911574361,"Ethiopia","Under 5",237.528911574361
1975,0.235362798614079,"Ethiopia","Under 5",235.362798614079
1976,0.234319733665206,"Ethiopia","Under 5",234.319733665206
1977,0.233398132677179,"Ethiopia","Under 5",233.398132677179
1978,0.23279359397403,"Ethiopia","Under 5",232.79359397403
1979,0.222652841720618,"Ethiopia","Under 5",222.652841720618
1980,0.220044052537712,"Ethiopia","Under 5",220.044052537712
1981,0.21768214248499,"Ethiopia","Under 5",217.68214248499
1982,0.214570869291142,"Ethiopia","Under 5",214.570869291142
1983,0.277505202512778,"Ethiopia","Under 5",277.505202512778
1984,0.271631287439466,"Ethiopia","Under 5",271.631287439466
1985,0.203011243082796,"Ethiopia","Under 5",203.011243082796
1986,0.19960735712563,"Ethiopia","Under 5",199.60735712563
1987,0.196123213066332,"Ethiopia","Under 5",196.123213066332
1988,0.192631216774477,"Ethiopia","Under 5",192.631216774477
1989,0.190939060845628,"Ethiopia","Under 5",190.939060845628
1990,0.188378605452742,"Ethiopia","Under 5",188.378605452742
1991,0.181665220441855,"Ethiopia","Under 5",181.665220441855
1992,0.178025543200607,"Ethiopia","Under 5",178.025543200607
1993,0.174128201384877,"Ethiopia","Under 5",174.128201384877
1994,0.16994956191586,"Ethiopia","Under 5",169.94956191586
1995,0.16496465074355,"Ethiopia","Under 5",164.96465074355
1996,0.159113125755903,"Ethiopia","Under 5",159.113125755903
1997,0.153123962949103,"Ethiopia","Under 5",153.123962949103
1998,0.148113027650212,"Ethiopia","Under 5",148.113027650212
1999,0.144749955948246,"Ethiopia","Under 5",144.749955948246
2000,0.140092735346448,"Ethiopia","Under 5",140.092735346448
2001,0.130421497116389,"Ethiopia","Under 5",130.421497116389
2002,0.124221601681706,"Ethiopia","Under 5",124.221601681706
2003,0.118634785690003,"Ethiopia","Under 5",118.634785690003
2004,0.112303176743107,"Ethiopia","Under 5",112.303176743107
2005,0.106143272106164,"Ethiopia","Under 5",106.143272106164
2006,0.0999202721680875,"Ethiopia","Under 5",99.9202721680875
2007,0.0931763329557589,"Ethiopia","Under 5",93.1763329557589
2008,0.0864860826216435,"Ethiopia","Under 5",86.4860826216435
2009,0.0800458670713831,"Ethiopia","Under 5",80.0458670713831
2010,0.0743318902398011,"Ethiopia","Under 5",74.3318902398011
2011,0.0678002003824966,"Ethiopia","Under 5",67.8002003824966
2012,0.0617519931128847,"Ethiopia","Under 5",61.7519931128847
2013,0.0558068509833778,"Ethiopia","Under 5",55.8068509833778
2014,0.0495384460941313,"Ethiopia","Under 5",49.5384460941313
2015,0.0466165056174734,"Ethiopia","Under 5",46.6165056174734
2016,0.0433710195430549,"Ethiopia","Under 5",43.3710195430549
1970,0.0628552456057908,"Ethiopia","Neonatal",62.8552456057908
1971,0.0626286889915663,"Ethiopia","Neonatal",62.6286889915663
1972,0.0621759249790004,"Ethiopia","Neonatal",62.1759249790004
1973,0.0617063085624174,"Ethiopia","Neonatal",61.7063085624174
1974,0.0613329708779449,"Ethiopia","Neonatal",61.3329708779449
1975,0.0608759465782843,"Ethiopia","Neonatal",60.8759465782843
1976,0.0605941529089425,"Ethiopia","Neonatal",60.5941529089425
1977,0.0604651274494731,"Ethiopia","Neonatal",60.4651274494731
1978,0.0604020310503973,"Ethiopia","Neonatal",60.4020310503973
1979,0.0601411868483236,"Ethiopia","Neonatal",60.1411868483236
1980,0.0595598660829348,"Ethiopia","Neonatal",59.5598660829348
1981,0.0590220521814503,"Ethiopia","Neonatal",59.0220521814503
1982,0.0583675001890243,"Ethiopia","Neonatal",58.3675001890243
1983,0.057401447421444,"Ethiopia","Neonatal",57.401447421444
1984,0.0563926138534969,"Ethiopia","Neonatal",56.3926138534969
1985,0.0558271834043402,"Ethiopia","Neonatal",55.8271834043402
1986,0.0550989194999666,"Ethiopia","Neonatal",55.0989194999666
1987,0.054273062868135,"Ethiopia","Neonatal",54.273062868135
1988,0.0535509536750879,"Ethiopia","Neonatal",53.5509536750879
1989,0.0530528041528593,"Ethiopia","Neonatal",53.0528041528593
1990,0.052362037783878,"Ethiopia","Neonatal",52.362037783878
1991,0.0513161090404822,"Ethiopia","Neonatal",51.3161090404822
1992,0.0507440523785508,"Ethiopia","Neonatal",50.7440523785508
1993,0.0500110891163744,"Ethiopia","Neonatal",50.0110891163744
1994,0.0492326603857184,"Ethiopia","Neonatal",49.2326603857184
1995,0.048262584712073,"Ethiopia","Neonatal",48.262584712073
1996,0.0470917732478505,"Ethiopia","Neonatal",47.0917732478505
1997,0.0458257379236839,"Ethiopia","Neonatal",45.8257379236839
1998,0.0448061636013151,"Ethiopia","Neonatal",44.8061636013151
1999,0.0439187409529708,"Ethiopia","Neonatal",43.9187409529708
2000,0.0428337416284318,"Ethiopia","Neonatal",42.8337416284318
2001,0.0411059234084835,"Ethiopia","Neonatal",41.1059234084835
2002,0.0397624536335442,"Ethiopia","Neonatal",39.7624536335442
2003,0.0386077143527654,"Ethiopia","Neonatal",38.6077143527654
2004,0.0372503954376872,"Ethiopia","Neonatal",37.2503954376872
2005,0.0359339991118522,"Ethiopia","Neonatal",35.9339991118522
2006,0.0344874513538526,"Ethiopia","Neonatal",34.4874513538526
2007,0.0329016367315769,"Ethiopia","Neonatal",32.9016367315769
2008,0.0312409696164878,"Ethiopia","Neonatal",31.2409696164878
2009,0.0294950318754525,"Ethiopia","Neonatal",29.4950318754525
2010,0.0280603085302273,"Ethiopia","Neonatal",28.0603085302273
2011,0.0262374341837219,"Ethiopia","Neonatal",26.2374341837219
2012,0.0245354535683132,"Ethiopia","Neonatal",24.5354535683132
2013,0.0228738036322471,"Ethiopia","Neonatal",22.8738036322471
2014,0.0208362180296929,"Ethiopia","Neonatal",20.8362180296929
2015,0.0199884245267925,"Ethiopia","Neonatal",19.9884245267925
2016,0.0187765751391029,"Ethiopia","Neonatal",18.7765751391029
1970,0.247892237482323,"Rwanda","Under 5",247.892237482323
1971,0.247249076353855,"Rwanda","Under 5",247.249076353855
1972,0.246189659383929,"Rwanda","Under 5",246.189659383929
1973,0.244696155501129,"Rwanda","Under 5",244.696155501129
1974,0.243782074130166,"Rwanda","Under 5",243.782074130166
1975,0.242853726501454,"Rwanda","Under 5",242.853726501454
1976,0.240034628845154,"Rwanda","Under 5",240.034628845154
1977,0.236128330515375,"Rwanda","Under 5",236.128330515375
1978,0.231226107637564,"Rwanda","Under 5",231.226107637564
1979,0.222063223142531,"Rwanda","Under 5",222.063223142531
1980,0.210747636552346,"Rwanda","Under 5",210.747636552346
1981,0.198813536126987,"Rwanda","Under 5",198.813536126987
1982,0.188641139316253,"Rwanda","Under 5",188.641139316253
1983,0.181049785699022,"Rwanda","Under 5",181.049785699022
1984,0.176223806483118,"Rwanda","Under 5",176.223806483118
1985,0.172846483445397,"Rwanda","Under 5",172.846483445397
1986,0.169466129455953,"Rwanda","Under 5",169.466129455953
1987,0.16656842041688,"Rwanda","Under 5",166.56842041688
1988,0.164982411138705,"Rwanda","Under 5",164.982411138705
1989,0.165887284617949,"Rwanda","Under 5",165.887284617949
1990,0.168956479178511,"Rwanda","Under 5",168.956479178511
1991,0.171963810175374,"Rwanda","Under 5",171.963810175374
1992,0.174886232019085,"Rwanda","Under 5",174.886232019085
1993,0.176725816209098,"Rwanda","Under 5",176.725816209098
1994,0.422548193449523,"Rwanda","Under 5",422.548193449523
1995,0.185048590526039,"Rwanda","Under 5",185.048590526039
1996,0.179685933539393,"Rwanda","Under 5",179.685933539393
1997,0.17845155430078,"Rwanda","Under 5",178.45155430078
1998,0.171904184005969,"Rwanda","Under 5",171.904184005969
1999,0.164692068981457,"Rwanda","Under 5",164.692068981457
2000,0.156238728155189,"Rwanda","Under 5",156.238728155189
2001,0.147838534622686,"Rwanda","Under 5",147.838534622686
2002,0.137390192481793,"Rwanda","Under 5",137.390192481793
2003,0.127418649573565,"Rwanda","Under 5",127.418649573565
2004,0.11652175294315,"Rwanda","Under 5",116.52175294315
2005,0.105938074768406,"Rwanda","Under 5",105.938074768406
2006,0.0960146262587139,"Rwanda","Under 5",96.0146262587139
2007,0.0872375253828845,"Rwanda","Under 5",87.2375253828845
2008,0.0791118949818954,"Rwanda","Under 5",79.1118949818954
2009,0.0730067399924393,"Rwanda","Under 5",73.0067399924393
2010,0.0667296461041693,"Rwanda","Under 5",66.7296461041693
2011,0.0622504330399362,"Rwanda","Under 5",62.2504330399362
2012,0.058770940930854,"Rwanda","Under 5",58.770940930854
2013,0.0560200976531512,"Rwanda","Under 5",56.0200976531512
2014,0.053695219499156,"Rwanda","Under 5",53.695219499156
2015,0.0514772436740818,"Rwanda","Under 5",51.4772436740818
2016,0.0492239741554752,"Rwanda","Under 5",49.2239741554752
1970,0.0630847701568575,"Rwanda","Neonatal",63.0847701568575
1971,0.0629193343782062,"Rwanda","Neonatal",62.9193343782062
1972,0.0626590950272751,"Rwanda","Neonatal",62.6590950272751
1973,0.0622826657176829,"Rwanda","Neonatal",62.2826657176829
1974,0.0620480583007498,"Rwanda","Neonatal",62.0480583007498
1975,0.0618283684268039,"Rwanda","Neonatal",61.8283684268039
1976,0.0611659751389649,"Rwanda","Neonatal",61.1659751389649
1977,0.0602654205317731,"Rwanda","Neonatal",60.2654205317731
1978,0.0591320150729673,"Rwanda","Neonatal",59.1320150729673
1979,0.0571427756108447,"Rwanda","Neonatal",57.1427756108447
1980,0.0546594199611712,"Rwanda","Neonatal",54.6594199611712
1981,0.0519523408440651,"Rwanda","Neonatal",51.9523408440651
1982,0.0496197305539611,"Rwanda","Neonatal",49.6197305539611
1983,0.047788738608845,"Rwanda","Neonatal",47.788738608845
1984,0.0465431283244473,"Rwanda","Neonatal",46.5431283244473
1985,0.0456423566461894,"Rwanda","Neonatal",45.6423566461894
1986,0.0446936728072523,"Rwanda","Neonatal",44.6936728072523
1987,0.0437823371146336,"Rwanda","Neonatal",43.7823371146336
1988,0.0430574114122475,"Rwanda","Neonatal",43.0574114122475
1989,0.0426970819020477,"Rwanda","Neonatal",42.6970819020477
1990,0.042848959235561,"Rwanda","Neonatal",42.848959235561
1991,0.0431378810595515,"Rwanda","Neonatal",43.1378810595515
1992,0.0433578638655883,"Rwanda","Neonatal",43.3578638655883
1993,0.0433139719456344,"Rwanda","Neonatal",43.3139719456344
1994,0.0778837320619873,"Rwanda","Neonatal",77.8837320619873
1995,0.0444784909544301,"Rwanda","Neonatal",44.4784909544301
1996,0.0437186668265008,"Rwanda","Neonatal",43.7186668265008
1997,0.0432956548194996,"Rwanda","Neonatal",43.2956548194996
1998,0.0422278013224205,"Rwanda","Neonatal",42.2278013224205
1999,0.0410454904118279,"Rwanda","Neonatal",41.0454904118279
2000,0.0395785286619467,"Rwanda","Neonatal",39.5785286619467
2001,0.0380344317725256,"Rwanda","Neonatal",38.0344317725256
2002,0.0361839597006038,"Rwanda","Neonatal",36.1839597006038
2003,0.0344857732143437,"Rwanda","Neonatal",34.4857732143437
2004,0.0326240584671115,"Rwanda","Neonatal",32.6240584671115
2005,0.0307070745680406,"Rwanda","Neonatal",30.7070745680406
2006,0.0287441429732973,"Rwanda","Neonatal",28.7441429732973
2007,0.0269127439965104,"Rwanda","Neonatal",26.9127439965104
2008,0.0251209637986937,"Rwanda","Neonatal",25.1209637986937
2009,0.0235950301032695,"Rwanda","Neonatal",23.5950301032695
2010,0.0222290850855996,"Rwanda","Neonatal",22.2290850855996
2011,0.021196205134747,"Rwanda","Neonatal",21.196205134747
2012,0.0203908121551959,"Rwanda","Neonatal",20.3908121551959
2013,0.0197426432320019,"Rwanda","Neonatal",19.7426432320019
2014,0.0192046202791336,"Rwanda","Neonatal",19.2046202791336
2015,0.0186838113008533,"Rwanda","Neonatal",18.6838113008533
2016,0.0179910919707355,"Rwanda","Neonatal",17.9910919707355
1970,0.269318489518076,"Senegal","Under 5",269.318489518076
1971,0.265373888065331,"Senegal","Under 5",265.373888065331
1972,0.260053337925557,"Senegal","Under 5",260.053337925557
1973,0.254841314016175,"Senegal","Under 5",254.841314016175
1974,0.248858019285086,"Senegal","Under 5",248.858019285086
1975,0.241929397753209,"Senegal","Under 5",241.929397753209
1976,0.233911139529975,"Senegal","Under 5",233.911139529975
1977,0.22591027534302,"Senegal","Under 5",225.91027534302
1978,0.218562793927228,"Senegal","Under 5",218.562793927228
1979,0.210826680736216,"Senegal","Under 5",210.826680736216
1980,0.20398278271601,"Senegal","Under 5",203.98278271601
1981,0.197286626896448,"Senegal","Under 5",197.286626896448
1982,0.19004079828601,"Senegal","Under 5",190.04079828601
1983,0.183075905145761,"Senegal","Under 5",183.075905145761
1984,0.177224289765861,"Senegal","Under 5",177.224289765861
1985,0.172039076909647,"Senegal","Under 5",172.039076909647
1986,0.164794877506051,"Senegal","Under 5",164.794877506051
1987,0.159717683563798,"Senegal","Under 5",159.717683563798
1988,0.153677741884624,"Senegal","Under 5",153.677741884624
1989,0.149173837415633,"Senegal","Under 5",149.173837415633
1990,0.14524834202148,"Senegal","Under 5",145.24834202148
1991,0.141853477596122,"Senegal","Under 5",141.853477596122
1992,0.139162270900035,"Senegal","Under 5",139.162270900035
1993,0.136840395391438,"Senegal","Under 5",136.840395391438
1994,0.134536930430051,"Senegal","Under 5",134.536930430051
1995,0.132686062384349,"Senegal","Under 5",132.686062384349
1996,0.131474122662285,"Senegal","Under 5",131.474122662285
1997,0.126665707936761,"Senegal","Under 5",126.665707936761
1998,0.1239807748842,"Senegal","Under 5",123.9807748842
1999,0.12030212225452,"Senegal","Under 5",120.30212225452
2000,0.114934195399676,"Senegal","Under 5",114.934195399676
2001,0.110611525079993,"Senegal","Under 5",110.611525079993
2002,0.105850811499215,"Senegal","Under 5",105.850811499215
2003,0.100828340177638,"Senegal","Under 5",100.828340177638
2004,0.0959994683354672,"Senegal","Under 5",95.9994683354672
2005,0.091992989664696,"Senegal","Under 5",91.992989664696
2006,0.0863519800535474,"Senegal","Under 5",86.3519800535474
2007,0.0816430294460956,"Senegal","Under 5",81.6430294460956
2008,0.0772053342051124,"Senegal","Under 5",77.2053342051124
2009,0.0728736284383786,"Senegal","Under 5",72.8736284383786
2010,0.068938326520286,"Senegal","Under 5",68.938326520286
2011,0.0651658963909176,"Senegal","Under 5",65.1658963909176
2012,0.0616695209515163,"Senegal","Under 5",61.6695209515163
2013,0.0582339651528658,"Senegal","Under 5",58.2339651528658
2014,0.0549526098254028,"Senegal","Under 5",54.9526098254028
2015,0.0520411709656484,"Senegal","Under 5",52.0411709656484
2016,0.0493977934693306,"Senegal","Under 5",49.3977934693306
1970,0.0559864195419173,"Senegal","Neonatal",55.9864195419173
1971,0.0553638140198848,"Senegal","Neonatal",55.3638140198848
1972,0.0545235736043542,"Senegal","Neonatal",54.5235736043542
1973,0.0537150432207242,"Senegal","Neonatal",53.7150432207242
1974,0.0527661095111278,"Senegal","Neonatal",52.7661095111278
1975,0.0516762138730037,"Senegal","Neonatal",51.6762138730037
1976,0.0503849995339691,"Senegal","Neonatal",50.3849995339691
1977,0.0490879331668757,"Senegal","Neonatal",49.0879331668757
1978,0.0479594139416416,"Senegal","Neonatal",47.9594139416416
1979,0.0467508679573343,"Senegal","Neonatal",46.7508679573343
1980,0.0457601477926136,"Senegal","Neonatal",45.7601477926136
1981,0.0448501021579991,"Senegal","Neonatal",44.8501021579991
1982,0.0438249849791731,"Senegal","Neonatal",43.8249849791731
1983,0.0428777996601793,"Senegal","Neonatal",42.8777996601793
1984,0.0422063334103022,"Senegal","Neonatal",42.2063334103022
1985,0.0416104706166986,"Senegal","Neonatal",41.6104706166986
1986,0.040842668390711,"Senegal","Neonatal",40.842668390711
1987,0.040255066821841,"Senegal","Neonatal",40.255066821841
1988,0.0396233356497613,"Senegal","Neonatal",39.6233356497613
1989,0.0391867153398727,"Senegal","Neonatal",39.1867153398727
1990,0.0388552714054229,"Senegal","Neonatal",38.8552714054229
1991,0.0386401786886158,"Senegal","Neonatal",38.6401786886158
1992,0.0385359669109833,"Senegal","Neonatal",38.5359669109833
1993,0.0385204268899794,"Senegal","Neonatal",38.5204268899794
1994,0.0385320676507095,"Senegal","Neonatal",38.5320676507095
1995,0.0385101458906799,"Senegal","Neonatal",38.5101458906799
1996,0.0384464893803452,"Senegal","Neonatal",38.4464893803452
1997,0.0379788676969088,"Senegal","Neonatal",37.9788676969088
1998,0.0376356760344029,"Senegal","Neonatal",37.6356760344029
1999,0.0370533944548507,"Senegal","Neonatal",37.0533944548507
2000,0.036203102725102,"Senegal","Neonatal",36.203102725102
2001,0.0353725521250043,"Senegal","Neonatal",35.3725521250043
2002,0.0344719884836822,"Senegal","Neonatal",34.4719884836822
2003,0.0335010101305772,"Senegal","Neonatal",33.5010101305772
2004,0.0324907984195009,"Senegal","Neonatal",32.4907984195009
2005,0.0314578680759957,"Senegal","Neonatal",31.4578680759957
2006,0.0302625945692842,"Senegal","Neonatal",30.2625945692842
2007,0.0291020240292348,"Senegal","Neonatal",29.1020240292348
2008,0.027979275396404,"Senegal","Neonatal",27.979275396404
2009,0.026840134435561,"Senegal","Neonatal",26.840134435561
2010,0.0257811987400144,"Senegal","Neonatal",25.7811987400144
2011,0.0247355945130097,"Senegal","Neonatal",24.7355945130097
2012,0.0237485433587139,"Senegal","Neonatal",23.7485433587139
2013,0.0227956833261816,"Senegal","Neonatal",22.7956833261816
2014,0.0218609930170598,"Senegal","Neonatal",21.8609930170598
2015,0.0210151370480278,"Senegal","Neonatal",21.0151370480278
2016,0.0200980925178447,"Senegal","Neonatal",20.0980925178447
