"location_id","age_group_id","year_id","sex_id","population","run_id","location_name"
10,164,1950,1,112537.722990023,105,"Cambodia"
10,164,1950,2,107601.504930873,105,"Cambodia"
10,164,1950,3,220139.227920896,105,"Cambodia"
10,164,1951,1,115468.755373882,105,"Cambodia"
10,164,1951,2,110404.63802478,105,"Cambodia"
10,164,1951,3,225873.393398662,105,"Cambodia"
10,164,1952,1,118414.402321185,105,"Cambodia"
10,164,1952,2,113222.076016891,105,"Cambodia"
10,164,1952,3,231636.478338077,105,"Cambodia"
10,164,1953,1,121375.732229143,105,"Cambodia"
10,164,1953,2,116053.356303152,105,"Cambodia"
10,164,1953,3,237429.088532294,105,"Cambodia"
10,164,1954,1,124331.824792575,105,"Cambodia"
10,164,1954,2,118878.475149841,105,"Cambodia"
10,164,1954,3,243210.299942417,105,"Cambodia"
10,164,1955,1,127243.903498995,105,"Cambodia"
10,164,1955,2,121661.84517495,105,"Cambodia"
10,164,1955,3,248905.748673945,105,"Cambodia"
10,164,1956,1,130076.583837031,105,"Cambodia"
10,164,1956,2,124369.665415357,105,"Cambodia"
10,164,1956,3,254446.249252388,105,"Cambodia"
10,164,1957,1,132812.91568122,105,"Cambodia"
10,164,1957,2,126984.64241807,105,"Cambodia"
10,164,1957,3,259797.55809929,105,"Cambodia"
10,164,1958,1,135366.874657776,105,"Cambodia"
10,164,1958,2,129424.753210285,105,"Cambodia"
10,164,1958,3,264791.627868061,105,"Cambodia"
10,164,1959,1,137907.782312383,105,"Cambodia"
10,164,1959,2,131852.011703882,105,"Cambodia"
10,164,1959,3,269759.794016265,105,"Cambodia"
10,164,1960,1,140385.842003128,105,"Cambodia"
10,164,1960,2,134218.220688865,105,"Cambodia"
10,164,1960,3,274604.062691993,105,"Cambodia"
10,164,1961,1,142843.319260175,105,"Cambodia"
10,164,1961,2,136565.577059289,105,"Cambodia"
10,164,1961,3,279408.896319465,105,"Cambodia"
10,164,1962,1,145319.452425436,105,"Cambodia"
10,164,1962,2,138929.6934397,105,"Cambodia"
10,164,1962,3,284249.145865136,105,"Cambodia"
10,164,1963,1,148407.697014757,105,"Cambodia"
10,164,1963,2,141878.293046411,105,"Cambodia"
10,164,1963,3,290285.990061169,105,"Cambodia"
10,164,1964,1,151112.0298254,105,"Cambodia"
10,164,1964,2,144458.705697332,105,"Cambodia"
10,164,1964,3,295570.735522732,105,"Cambodia"
10,164,1965,1,153841.588001582,105,"Cambodia"
10,164,1965,2,147061.984810678,105,"Cambodia"
10,164,1965,3,300903.57281226,105,"Cambodia"
10,164,1966,1,156958.654271778,105,"Cambodia"
10,164,1966,2,150033.902948432,105,"Cambodia"
10,164,1966,3,306992.55722021,105,"Cambodia"
10,164,1967,1,160188.29634264,105,"Cambodia"
10,164,1967,2,153112.417908491,105,"Cambodia"
10,164,1967,3,313300.714251131,105,"Cambodia"
10,164,1968,1,164242.424833405,105,"Cambodia"
10,164,1968,2,156979.344386449,105,"Cambodia"
10,164,1968,3,321221.769219854,105,"Cambodia"
10,164,1969,1,167807.892515825,105,"Cambodia"
10,164,1969,2,160379.64146113,105,"Cambodia"
10,164,1969,3,328187.533976955,105,"Cambodia"
10,164,1970,1,170884.503469932,105,"Cambodia"
10,164,1970,2,163313.692770565,105,"Cambodia"
10,164,1970,3,334198.196240496,105,"Cambodia"
10,164,1971,1,174349.908088664,105,"Cambodia"
10,164,1971,2,166619.565904693,105,"Cambodia"
10,164,1971,3,340969.473993357,105,"Cambodia"
10,164,1972,1,178789.973710733,105,"Cambodia"
10,164,1972,2,170856.486012444,105,"Cambodia"
10,164,1972,3,349646.459723177,105,"Cambodia"
10,164,1973,1,183817.799625226,105,"Cambodia"
10,164,1973,2,175656.025028326,105,"Cambodia"
10,164,1973,3,359473.824653552,105,"Cambodia"
10,164,1974,1,188497.976374753,105,"Cambodia"
10,164,1974,2,180123.706520212,105,"Cambodia"
10,164,1974,3,368621.682894964,105,"Cambodia"
10,164,1975,1,191788.293620879,105,"Cambodia"
10,164,1975,2,183264.228919702,105,"Cambodia"
10,164,1975,3,375052.52254058,105,"Cambodia"
10,164,1976,1,192831.165750889,105,"Cambodia"
10,164,1976,2,184257.037098173,105,"Cambodia"
10,164,1976,3,377088.202849063,105,"Cambodia"
10,164,1977,1,192075.804775497,105,"Cambodia"
10,164,1977,2,183531.546051487,105,"Cambodia"
10,164,1977,3,375607.350826984,105,"Cambodia"
10,164,1978,1,191936.031967091,105,"Cambodia"
10,164,1978,2,183395.504567583,105,"Cambodia"
10,164,1978,3,375331.536534673,105,"Cambodia"
10,164,1979,1,188996.390782442,105,"Cambodia"
10,164,1979,2,180585.175127645,105,"Cambodia"
10,164,1979,3,369581.565910087,105,"Cambodia"
10,164,1980,1,192329.653219223,105,"Cambodia"
10,164,1980,2,183769.094027552,105,"Cambodia"
10,164,1980,3,376098.747246775,105,"Cambodia"
10,164,1981,1,202085.479379453,105,"Cambodia"
10,164,1981,2,193087.869907151,105,"Cambodia"
10,164,1981,3,395173.349286604,105,"Cambodia"
10,164,1982,1,207458.734693491,105,"Cambodia"
10,164,1982,2,198218.209452438,105,"Cambodia"
10,164,1982,3,405676.944145929,105,"Cambodia"
10,164,1983,1,212273.394190165,105,"Cambodia"
10,164,1983,2,202842.682019323,105,"Cambodia"
10,164,1983,3,415116.076209488,105,"Cambodia"
10,164,1984,1,216379.342653125,105,"Cambodia"
10,164,1984,2,206758.081151348,105,"Cambodia"
10,164,1984,3,423137.423804473,105,"Cambodia"
10,164,1985,1,220142.02514958,105,"Cambodia"
10,164,1985,2,210345.927874297,105,"Cambodia"
10,164,1985,3,430487.953023878,105,"Cambodia"
10,164,1986,1,223759.716038095,105,"Cambodia"
10,164,1986,2,213827.421219589,105,"Cambodia"
10,164,1986,3,437587.137257685,105,"Cambodia"
10,164,1987,1,225961.006405075,105,"Cambodia"
10,164,1987,2,215957.731944629,105,"Cambodia"
10,164,1987,3,441918.738349704,105,"Cambodia"
10,164,1988,1,227561.34738083,105,"Cambodia"
10,164,1988,2,217484.668355413,105,"Cambodia"
10,164,1988,3,445046.015736243,105,"Cambodia"
10,164,1989,1,229917.46195602,105,"Cambodia"
10,164,1989,2,219740.418056284,105,"Cambodia"
10,164,1989,3,449657.880012303,105,"Cambodia"
10,164,1990,1,231181.331950019,105,"Cambodia"
10,164,1990,2,220953.073117564,105,"Cambodia"
10,164,1990,3,452134.405067583,105,"Cambodia"
10,164,1991,1,231221.786480254,105,"Cambodia"
10,164,1991,2,221007.761367907,105,"Cambodia"
10,164,1991,3,452229.547848162,105,"Cambodia"
10,164,1992,1,230694.575705849,105,"Cambodia"
10,164,1992,2,220527.306628278,105,"Cambodia"
10,164,1992,3,451221.882334127,105,"Cambodia"
10,164,1993,1,229057.816558652,105,"Cambodia"
10,164,1993,2,218978.603727269,105,"Cambodia"
10,164,1993,3,448036.420285921,105,"Cambodia"
10,164,1994,1,225111.838732314,105,"Cambodia"
10,164,1994,2,215213.107200785,105,"Cambodia"
10,164,1994,3,440324.945933099,105,"Cambodia"
10,164,1995,1,219759.732268958,105,"Cambodia"
10,164,1995,2,210102.755426013,105,"Cambodia"
10,164,1995,3,429862.487694971,105,"Cambodia"
10,164,1996,1,213550.365643477,105,"Cambodia"
10,164,1996,2,204160.540313425,105,"Cambodia"
10,164,1996,3,417710.905956901,105,"Cambodia"
10,164,1997,1,208079.183530382,105,"Cambodia"
10,164,1997,2,198912.907039791,105,"Cambodia"
10,164,1997,3,406992.090570172,105,"Cambodia"
10,164,1998,1,204658.03289145,105,"Cambodia"
10,164,1998,2,195628.151781757,105,"Cambodia"
10,164,1998,3,400286.184673207,105,"Cambodia"
10,164,1999,1,201992.587422674,105,"Cambodia"
10,164,1999,2,193075.220830682,105,"Cambodia"
10,164,1999,3,395067.808253356,105,"Cambodia"
10,164,2000,1,199409.443442932,105,"Cambodia"
10,164,2000,2,190599.324598348,105,"Cambodia"
10,164,2000,3,390008.76804128,105,"Cambodia"
10,164,2001,1,196692.042795864,105,"Cambodia"
10,164,2001,2,188004.945403975,105,"Cambodia"
10,164,2001,3,384696.988199839,105,"Cambodia"
10,164,2002,1,194234.806588593,105,"Cambodia"
10,164,2002,2,185665.402856131,105,"Cambodia"
10,164,2002,3,379900.209444724,105,"Cambodia"
10,164,2003,1,192833.895978051,105,"Cambodia"
10,164,2003,2,184312.631836464,105,"Cambodia"
10,164,2003,3,377146.527814516,105,"Cambodia"
10,164,2004,1,192318.808937182,105,"Cambodia"
10,164,2004,2,183790.551952762,105,"Cambodia"
10,164,2004,3,376109.360889944,105,"Cambodia"
10,164,2005,1,192086.781140677,105,"Cambodia"
10,164,2005,2,183539.99113858,105,"Cambodia"
10,164,2005,3,375626.772279256,105,"Cambodia"
10,164,2006,1,192308.958134396,105,"Cambodia"
10,164,2006,2,183721.407956101,105,"Cambodia"
10,164,2006,3,376030.366090497,105,"Cambodia"
10,164,2007,1,192766.653118395,105,"Cambodia"
10,164,2007,2,184137.773990163,105,"Cambodia"
10,164,2007,3,376904.427108557,105,"Cambodia"
10,164,2008,1,193238.340667541,105,"Cambodia"
10,164,2008,2,184569.328805557,105,"Cambodia"
10,164,2008,3,377807.669473098,105,"Cambodia"
10,164,2009,1,193802.405076899,105,"Cambodia"
10,164,2009,2,185101.051080215,105,"Cambodia"
10,164,2009,3,378903.456157113,105,"Cambodia"
10,164,2010,1,194431.432656091,105,"Cambodia"
10,164,2010,2,185698.644915334,105,"Cambodia"
10,164,2010,3,380130.077571426,105,"Cambodia"
10,164,2011,1,194834.77887971,105,"Cambodia"
10,164,2011,2,186084.730764707,105,"Cambodia"
10,164,2011,3,380919.509644416,105,"Cambodia"
10,164,2012,1,194938.509268715,105,"Cambodia"
10,164,2012,2,186169.608205337,105,"Cambodia"
10,164,2012,3,381108.117474052,105,"Cambodia"
10,164,2013,1,194716.307888537,105,"Cambodia"
10,164,2013,2,185944.283910999,105,"Cambodia"
10,164,2013,3,380660.591799536,105,"Cambodia"
10,164,2014,1,194109.850666373,105,"Cambodia"
10,164,2014,2,185357.737046686,105,"Cambodia"
10,164,2014,3,379467.587713059,105,"Cambodia"
10,164,2015,1,193015.302120937,105,"Cambodia"
10,164,2015,2,184307.124594107,105,"Cambodia"
10,164,2015,3,377322.426715044,105,"Cambodia"
10,164,2016,1,191981.417769153,105,"Cambodia"
10,164,2016,2,183318.243607983,105,"Cambodia"
10,164,2016,3,375299.661377135,105,"Cambodia"
10,164,2017,1,193059.790848576,105,"Cambodia"
10,164,2017,2,184346.537849196,105,"Cambodia"
10,164,2017,3,377406.328697772,105,"Cambodia"
123,164,1950,1,214209.031986099,105,"Peru"
123,164,1950,2,204796.089629497,105,"Peru"
123,164,1950,3,419005.121615596,105,"Peru"
123,164,1951,1,219219.129806778,105,"Peru"
123,164,1951,2,209575.60127786,105,"Peru"
123,164,1951,3,428794.731084638,105,"Peru"
123,164,1952,1,224619.02977104,105,"Peru"
123,164,1952,2,214727.27940677,105,"Peru"
123,164,1952,3,439346.30917781,105,"Peru"
123,164,1953,1,230374.455802432,105,"Peru"
123,164,1953,2,220218.444784462,105,"Peru"
123,164,1953,3,450592.900586894,105,"Peru"
123,164,1954,1,236365.236465894,105,"Peru"
123,164,1954,2,225934.427151036,105,"Peru"
123,164,1954,3,462299.66361693,105,"Peru"
123,164,1955,1,242168.106043127,105,"Peru"
123,164,1955,2,231470.766615417,105,"Peru"
123,164,1955,3,473638.872658544,105,"Peru"
123,164,1956,1,247206.28945403,105,"Peru"
123,164,1956,2,236287.503551495,105,"Peru"
123,164,1956,3,483493.793005525,105,"Peru"
123,164,1957,1,252307.34345,105,"Peru"
123,164,1957,2,241164.62623303,105,"Peru"
123,164,1957,3,493471.969683031,105,"Peru"
123,164,1958,1,257967.684832478,105,"Peru"
123,164,1958,2,246576.66008243,105,"Peru"
123,164,1958,3,504544.344914908,105,"Peru"
123,164,1959,1,263462.207093657,105,"Peru"
123,164,1959,2,251845.584489976,105,"Peru"
123,164,1959,3,515307.791583632,105,"Peru"
123,164,1960,1,268701.626862246,105,"Peru"
123,164,1960,2,256871.58314781,105,"Peru"
123,164,1960,3,525573.210010057,105,"Peru"
123,164,1961,1,273882.592728422,105,"Peru"
123,164,1961,2,261861.926459183,105,"Peru"
123,164,1961,3,535744.519187606,105,"Peru"
123,164,1962,1,279025.228119707,105,"Peru"
123,164,1962,2,266825.694669551,105,"Peru"
123,164,1962,3,545850.922789259,105,"Peru"
123,164,1963,1,285012.209492956,105,"Peru"
123,164,1963,2,272608.148932404,105,"Peru"
123,164,1963,3,557620.358425359,105,"Peru"
123,164,1964,1,290904.14617179,105,"Peru"
123,164,1964,2,278310.548199443,105,"Peru"
123,164,1964,3,569214.694371233,105,"Peru"
123,164,1965,1,296305.383665424,105,"Peru"
123,164,1965,2,283554.378751567,105,"Peru"
123,164,1965,3,579859.762416991,105,"Peru"
123,164,1966,1,301174.580368329,105,"Peru"
123,164,1966,2,288299.988154705,105,"Peru"
123,164,1966,3,589474.568523034,105,"Peru"
123,164,1967,1,306096.379867922,105,"Peru"
123,164,1967,2,293106.567357706,105,"Peru"
123,164,1967,3,599202.947225628,105,"Peru"
123,164,1968,1,312708.828233702,105,"Peru"
123,164,1968,2,299543.146604853,105,"Peru"
123,164,1968,3,612251.974838555,105,"Peru"
123,164,1969,1,320189.056523505,105,"Peru"
123,164,1969,2,306822.834720842,105,"Peru"
123,164,1969,3,627011.891244347,105,"Peru"
123,164,1970,1,326170.950518209,105,"Peru"
123,164,1970,2,312678.213361014,105,"Peru"
123,164,1970,3,638849.163879223,105,"Peru"
123,164,1971,1,331322.081099749,105,"Peru"
123,164,1971,2,317730.544899434,105,"Peru"
123,164,1971,3,649052.625999183,105,"Peru"
123,164,1972,1,337119.044393981,105,"Peru"
123,164,1972,2,323406.222253461,105,"Peru"
123,164,1972,3,660525.266647442,105,"Peru"
123,164,1973,1,343913.635764231,105,"Peru"
123,164,1973,2,330032.604522777,105,"Peru"
123,164,1973,3,673946.240287008,105,"Peru"
123,164,1974,1,352578.751601554,105,"Peru"
123,164,1974,2,338456.745737126,105,"Peru"
123,164,1974,3,691035.497338679,105,"Peru"
123,164,1975,1,360802.362708142,105,"Peru"
123,164,1975,2,346452.496281446,105,"Peru"
123,164,1975,3,707254.858989588,105,"Peru"
123,164,1976,1,364674.945698019,105,"Peru"
123,164,1976,2,350281.35886605,105,"Peru"
123,164,1976,3,714956.304564069,105,"Peru"
123,164,1977,1,363705.782275004,105,"Peru"
123,164,1977,2,349460.567503861,105,"Peru"
123,164,1977,3,713166.349778865,105,"Peru"
123,164,1978,1,362320.848405672,105,"Peru"
123,164,1978,2,348238.089917732,105,"Peru"
123,164,1978,3,710558.938323403,105,"Peru"
123,164,1979,1,362382.103023098,105,"Peru"
123,164,1979,2,348391.816959967,105,"Peru"
123,164,1979,3,710773.919983065,105,"Peru"
123,164,1980,1,360960.520943538,105,"Peru"
123,164,1980,2,347119.94912891,105,"Peru"
123,164,1980,3,708080.470072448,105,"Peru"
123,164,1981,1,358435.192695839,105,"Peru"
123,164,1981,2,344779.898723591,105,"Peru"
123,164,1981,3,703215.091419431,105,"Peru"
123,164,1982,1,356394.132976425,105,"Peru"
123,164,1982,2,342882.328847569,105,"Peru"
123,164,1982,3,699276.461823994,105,"Peru"
123,164,1983,1,355289.95729822,105,"Peru"
123,164,1983,2,341857.125147515,105,"Peru"
123,164,1983,3,697147.082445735,105,"Peru"
123,164,1984,1,356989.650430367,105,"Peru"
123,164,1984,2,343534.046690544,105,"Peru"
123,164,1984,3,700523.697120911,105,"Peru"
123,164,1985,1,360873.192416281,105,"Peru"
123,164,1985,2,347297.870186375,105,"Peru"
123,164,1985,3,708171.062602656,105,"Peru"
123,164,1986,1,365374.170344107,105,"Peru"
123,164,1986,2,351665.353968361,105,"Peru"
123,164,1986,3,717039.524312468,105,"Peru"
123,164,1987,1,370077.449782818,105,"Peru"
123,164,1987,2,356238.00257804,105,"Peru"
123,164,1987,3,726315.452360859,105,"Peru"
123,164,1988,1,372462.209245851,105,"Peru"
123,164,1988,2,358568.317287475,105,"Peru"
123,164,1988,3,731030.526533325,105,"Peru"
123,164,1989,1,374045.257357872,105,"Peru"
123,164,1989,2,360123.328044165,105,"Peru"
123,164,1989,3,734168.585402037,105,"Peru"
123,164,1990,1,377675.445022886,105,"Peru"
123,164,1990,2,363646.025988466,105,"Peru"
123,164,1990,3,741321.471011352,105,"Peru"
123,164,1991,1,382259.065700298,105,"Peru"
123,164,1991,2,368085.753498725,105,"Peru"
123,164,1991,3,750344.819199022,105,"Peru"
123,164,1992,1,385179.552130948,105,"Peru"
123,164,1992,2,370924.401249164,105,"Peru"
123,164,1992,3,756103.953380111,105,"Peru"
123,164,1993,1,382225.074689828,105,"Peru"
123,164,1993,2,368098.0884377,105,"Peru"
123,164,1993,3,750323.163127528,105,"Peru"
123,164,1994,1,373311.081769292,105,"Peru"
123,164,1994,2,359490.395587875,105,"Peru"
123,164,1994,3,732801.477357167,105,"Peru"
123,164,1995,1,364632.117141571,105,"Peru"
123,164,1995,2,351111.192808705,105,"Peru"
123,164,1995,3,715743.309950277,105,"Peru"
123,164,1996,1,358084.128537072,105,"Peru"
123,164,1996,2,344778.633933443,105,"Peru"
123,164,1996,3,702862.762470515,105,"Peru"
123,164,1997,1,351414.118170363,105,"Peru"
123,164,1997,2,338313.998885367,105,"Peru"
123,164,1997,3,689728.11705573,105,"Peru"
123,164,1998,1,344771.875327207,105,"Peru"
123,164,1998,2,331880.503752723,105,"Peru"
123,164,1998,3,676652.37907993,105,"Peru"
123,164,1999,1,339232.914965785,105,"Peru"
123,164,1999,2,326503.642280299,105,"Peru"
123,164,1999,3,665736.557246084,105,"Peru"
123,164,2000,1,335772.621227354,105,"Peru"
123,164,2000,2,323142.383676344,105,"Peru"
123,164,2000,3,658915.004903698,105,"Peru"
123,164,2001,1,334394.915466015,105,"Peru"
123,164,2001,2,321797.410411337,105,"Peru"
123,164,2001,3,656192.325877353,105,"Peru"
123,164,2002,1,334483.094733686,105,"Peru"
123,164,2002,2,321851.462174429,105,"Peru"
123,164,2002,3,656334.556908114,105,"Peru"
123,164,2003,1,335544.52287933,105,"Peru"
123,164,2003,2,322825.355898013,105,"Peru"
123,164,2003,3,658369.878777342,105,"Peru"
123,164,2004,1,337693.261057106,105,"Peru"
123,164,2004,2,324846.32135894,105,"Peru"
123,164,2004,3,662539.582416046,105,"Peru"
123,164,2005,1,341807.173177063,105,"Peru"
123,164,2005,2,328773.38037134,105,"Peru"
123,164,2005,3,670580.553548403,105,"Peru"
123,164,2006,1,346663.473462623,105,"Peru"
123,164,2006,2,333385.946640287,105,"Peru"
123,164,2006,3,680049.42010291,105,"Peru"
123,164,2007,1,350793.899309843,105,"Peru"
123,164,2007,2,337304.349477368,105,"Peru"
123,164,2007,3,688098.248787211,105,"Peru"
123,164,2008,1,356315.156001926,105,"Peru"
123,164,2008,2,342547.751239755,105,"Peru"
123,164,2008,3,698862.907241682,105,"Peru"
123,164,2009,1,363648.770258624,105,"Peru"
123,164,2009,2,349535.153398454,105,"Peru"
123,164,2009,3,713183.923657078,105,"Peru"
123,164,2010,1,370804.589321942,105,"Peru"
123,164,2010,2,356354.083608408,105,"Peru"
123,164,2010,3,727158.67293035,105,"Peru"
123,164,2011,1,380110.602376311,105,"Peru"
123,164,2011,2,365267.691598201,105,"Peru"
123,164,2011,3,745378.293974512,105,"Peru"
123,164,2012,1,391496.337713719,105,"Peru"
123,164,2012,2,376153.047557819,105,"Peru"
123,164,2012,3,767649.385271538,105,"Peru"
123,164,2013,1,398676.993721345,105,"Peru"
123,164,2013,2,382970.882724475,105,"Peru"
123,164,2013,3,781647.87644582,105,"Peru"
123,164,2014,1,399366.812675964,105,"Peru"
123,164,2014,2,383565.057416473,105,"Peru"
123,164,2014,3,782931.870092437,105,"Peru"
123,164,2015,1,396990.149459298,105,"Peru"
123,164,2015,2,381216.585588944,105,"Peru"
123,164,2015,3,778206.735048242,105,"Peru"
123,164,2016,1,393145.271215546,105,"Peru"
123,164,2016,2,377533.712867554,105,"Peru"
123,164,2016,3,770678.9840831,105,"Peru"
123,164,2017,1,392424.187626599,105,"Peru"
123,164,2017,2,376868.028643716,105,"Peru"
123,164,2017,3,769292.216270314,105,"Peru"
161,164,1950,1,1076310.16825659,105,"Bangladesh"
161,164,1950,2,1030048.42896305,105,"Bangladesh"
161,164,1950,3,2106358.59721964,105,"Bangladesh"
161,164,1951,1,1091277.15227896,105,"Bangladesh"
161,164,1951,2,1044372.80171689,105,"Bangladesh"
161,164,1951,3,2135649.95399585,105,"Bangladesh"
161,164,1952,1,1103377.97652688,105,"Bangladesh"
161,164,1952,2,1055950.35925948,105,"Bangladesh"
161,164,1952,3,2159328.33578636,105,"Bangladesh"
161,164,1953,1,1114965.19828816,105,"Bangladesh"
161,164,1953,2,1067036.53233434,105,"Bangladesh"
161,164,1953,3,2182001.73062251,105,"Bangladesh"
161,164,1954,1,1126381.48279286,105,"Bangladesh"
161,164,1954,2,1077959.30694787,105,"Bangladesh"
161,164,1954,3,2204340.78974073,105,"Bangladesh"
161,164,1955,1,1138671.68537598,105,"Bangladesh"
161,164,1955,2,1089718.89400865,105,"Bangladesh"
161,164,1955,3,2228390.57938464,105,"Bangladesh"
161,164,1956,1,1151640.45955598,105,"Bangladesh"
161,164,1956,2,1102127.7345319,105,"Bangladesh"
161,164,1956,3,2253768.19408788,105,"Bangladesh"
161,164,1957,1,1167782.85381731,105,"Bangladesh"
161,164,1957,2,1117573.35783489,105,"Bangladesh"
161,164,1957,3,2285356.2116522,105,"Bangladesh"
161,164,1958,1,1186123.69799942,105,"Bangladesh"
161,164,1958,2,1135122.49520401,105,"Bangladesh"
161,164,1958,3,2321246.19320343,105,"Bangladesh"
161,164,1959,1,1207480.57636598,105,"Bangladesh"
161,164,1959,2,1155425.54741851,105,"Bangladesh"
161,164,1959,3,2362906.12378449,105,"Bangladesh"
161,164,1960,1,1231109.36785167,105,"Bangladesh"
161,164,1960,2,1177906.25888929,105,"Bangladesh"
161,164,1960,3,2409015.62674096,105,"Bangladesh"
161,164,1961,1,1260322.20206784,105,"Bangladesh"
161,164,1961,2,1205732.75266582,105,"Bangladesh"
161,164,1961,3,2466054.95473366,105,"Bangladesh"
161,164,1962,1,1294380.73066015,105,"Bangladesh"
161,164,1962,2,1238188.06236167,105,"Bangladesh"
161,164,1962,3,2532568.79302183,105,"Bangladesh"
161,164,1963,1,1335646.10377799,105,"Bangladesh"
161,164,1963,2,1277538.31909892,105,"Bangladesh"
161,164,1963,3,2613184.4228769,105,"Bangladesh"
161,164,1964,1,1379992.97343557,105,"Bangladesh"
161,164,1964,2,1319844.13176969,105,"Bangladesh"
161,164,1964,3,2699837.10520527,105,"Bangladesh"
161,164,1965,1,1418869.83004265,105,"Bangladesh"
161,164,1965,2,1356918.29537903,105,"Bangladesh"
161,164,1965,3,2775788.12542168,105,"Bangladesh"
161,164,1966,1,1458619.54636582,105,"Bangladesh"
161,164,1966,2,1394827.7285212,105,"Bangladesh"
161,164,1966,3,2853447.27488702,105,"Bangladesh"
161,164,1967,1,1495156.80920795,105,"Bangladesh"
161,164,1967,2,1429665.9435338,105,"Bangladesh"
161,164,1967,3,2924822.75274176,105,"Bangladesh"
161,164,1968,1,1515293.50258997,105,"Bangladesh"
161,164,1968,2,1448824.1992234,105,"Bangladesh"
161,164,1968,3,2964117.70181337,105,"Bangladesh"
161,164,1969,1,1529491.42911363,105,"Bangladesh"
161,164,1969,2,1462273.17342348,105,"Bangladesh"
161,164,1969,3,2991764.60253711,105,"Bangladesh"
161,164,1970,1,1540864.58784243,105,"Bangladesh"
161,164,1970,2,1473027.05950043,105,"Bangladesh"
161,164,1970,3,3013891.64734286,105,"Bangladesh"
161,164,1971,1,1539663.48397207,105,"Bangladesh"
161,164,1971,2,1471767.00768389,105,"Bangladesh"
161,164,1971,3,3011430.49165596,105,"Bangladesh"
161,164,1972,1,1533953.18368484,105,"Bangladesh"
161,164,1972,2,1466199.26120564,105,"Bangladesh"
161,164,1972,3,3000152.44489047,105,"Bangladesh"
161,164,1973,1,1532576.79390467,105,"Bangladesh"
161,164,1973,2,1464784.27852851,105,"Bangladesh"
161,164,1973,3,2997361.07243318,105,"Bangladesh"
161,164,1974,1,1533864.14765949,105,"Bangladesh"
161,164,1974,2,1465925.81603197,105,"Bangladesh"
161,164,1974,3,2999789.96369145,105,"Bangladesh"
161,164,1975,1,1535207.91458403,105,"Bangladesh"
161,164,1975,2,1467072.53699962,105,"Bangladesh"
161,164,1975,3,3002280.45158365,105,"Bangladesh"
161,164,1976,1,1538013.0680643,105,"Bangladesh"
161,164,1976,2,1469629.03067668,105,"Bangladesh"
161,164,1976,3,3007642.09874097,105,"Bangladesh"
161,164,1977,1,1544859.47668121,105,"Bangladesh"
161,164,1977,2,1476057.67193595,105,"Bangladesh"
161,164,1977,3,3020917.14861716,105,"Bangladesh"
161,164,1978,1,1559082.74063394,105,"Bangladesh"
161,164,1978,2,1489563.22358351,105,"Bangladesh"
161,164,1978,3,3048645.96421745,105,"Bangladesh"
161,164,1979,1,1584623.89698483,105,"Bangladesh"
161,164,1979,2,1513947.91049635,105,"Bangladesh"
161,164,1979,3,3098571.80748118,105,"Bangladesh"
161,164,1980,1,1622797.11780157,105,"Bangladesh"
161,164,1980,2,1550404.41093168,105,"Bangladesh"
161,164,1980,3,3173201.52873326,105,"Bangladesh"
161,164,1981,1,1671866.8154123,105,"Bangladesh"
161,164,1981,2,1597360.88977788,105,"Bangladesh"
161,164,1981,3,3269227.70519017,105,"Bangladesh"
161,164,1982,1,1725128.49267621,105,"Bangladesh"
161,164,1982,2,1648328.01630067,105,"Bangladesh"
161,164,1982,3,3373456.50897688,105,"Bangladesh"
161,164,1983,1,1776548.6983248,105,"Bangladesh"
161,164,1983,2,1697533.86264958,105,"Bangladesh"
161,164,1983,3,3474082.56097438,105,"Bangladesh"
161,164,1984,1,1832206.83679254,105,"Bangladesh"
161,164,1984,2,1750968.77685995,105,"Bangladesh"
161,164,1984,3,3583175.61365249,105,"Bangladesh"
161,164,1985,1,1890333.45418535,105,"Bangladesh"
161,164,1985,2,1806933.37727006,105,"Bangladesh"
161,164,1985,3,3697266.83145541,105,"Bangladesh"
161,164,1986,1,1937909.9845998,105,"Bangladesh"
161,164,1986,2,1852892.48588482,105,"Bangladesh"
161,164,1986,3,3790802.47048462,105,"Bangladesh"
161,164,1987,1,1977332.71298673,105,"Bangladesh"
161,164,1987,2,1891083.10768748,105,"Bangladesh"
161,164,1987,3,3868415.82067421,105,"Bangladesh"
161,164,1988,1,2011900.80071145,105,"Bangladesh"
161,164,1988,2,1924656.48144873,105,"Bangladesh"
161,164,1988,3,3936557.28216018,105,"Bangladesh"
161,164,1989,1,2033207.03958818,105,"Bangladesh"
161,164,1989,2,1945421.48331011,105,"Bangladesh"
161,164,1989,3,3978628.52289829,105,"Bangladesh"
161,164,1990,1,2038236.91191026,105,"Bangladesh"
161,164,1990,2,1950372.45165043,105,"Bangladesh"
161,164,1990,3,3988609.36356068,105,"Bangladesh"
161,164,1991,1,2032231.67786006,105,"Bangladesh"
161,164,1991,2,1944764.29110393,105,"Bangladesh"
161,164,1991,3,3976995.96896399,105,"Bangladesh"
161,164,1992,1,2018591.85414471,105,"Bangladesh"
161,164,1992,2,1931769.63978867,105,"Bangladesh"
161,164,1992,3,3950361.49393338,105,"Bangladesh"
161,164,1993,1,1999073.67950559,105,"Bangladesh"
161,164,1993,2,1913141.67240597,105,"Bangladesh"
161,164,1993,3,3912215.35191156,105,"Bangladesh"
161,164,1994,1,1979044.20833926,105,"Bangladesh"
161,164,1994,2,1894140.98953522,105,"Bangladesh"
161,164,1994,3,3873185.19787448,105,"Bangladesh"
161,164,1995,1,1956411.3170156,105,"Bangladesh"
161,164,1995,2,1872312.82240099,105,"Bangladesh"
161,164,1995,3,3828724.13941659,105,"Bangladesh"
161,164,1996,1,1932633.18588008,105,"Bangladesh"
161,164,1996,2,1849389.58247658,105,"Bangladesh"
161,164,1996,3,3782022.76835666,105,"Bangladesh"
161,164,1997,1,1911239.86041239,105,"Bangladesh"
161,164,1997,2,1828597.026871,105,"Bangladesh"
161,164,1997,3,3739836.88728339,105,"Bangladesh"
161,164,1998,1,1884610.40101569,105,"Bangladesh"
161,164,1998,2,1802816.80580729,105,"Bangladesh"
161,164,1998,3,3687427.20682298,105,"Bangladesh"
161,164,1999,1,1858846.8172465,105,"Bangladesh"
161,164,1999,2,1777779.42879869,105,"Bangladesh"
161,164,1999,3,3636626.24604518,105,"Bangladesh"
161,164,2000,1,1843373.89141013,105,"Bangladesh"
161,164,2000,2,1762736.94447081,105,"Bangladesh"
161,164,2000,3,3606110.83588095,105,"Bangladesh"
161,164,2001,1,1834067.47286155,105,"Bangladesh"
161,164,2001,2,1753629.66335414,105,"Bangladesh"
161,164,2001,3,3587697.13621569,105,"Bangladesh"
161,164,2002,1,1828369.83095665,105,"Bangladesh"
161,164,2002,2,1748074.68251945,105,"Bangladesh"
161,164,2002,3,3576444.5134761,105,"Bangladesh"
161,164,2003,1,1820909.18711584,105,"Bangladesh"
161,164,2003,2,1740851.33388981,105,"Bangladesh"
161,164,2003,3,3561760.52100565,105,"Bangladesh"
161,164,2004,1,1805663.6845978,105,"Bangladesh"
161,164,2004,2,1726156.60174125,105,"Bangladesh"
161,164,2004,3,3531820.28633905,105,"Bangladesh"
161,164,2005,1,1786960.78541075,105,"Bangladesh"
161,164,2005,2,1708096.86073594,105,"Bangladesh"
161,164,2005,3,3495057.64614668,105,"Bangladesh"
161,164,2006,1,1763564.36043352,105,"Bangladesh"
161,164,2006,2,1685555.64711232,105,"Bangladesh"
161,164,2006,3,3449120.00754585,105,"Bangladesh"
161,164,2007,1,1730870.01507165,105,"Bangladesh"
161,164,2007,2,1654110.7483288,105,"Bangladesh"
161,164,2007,3,3384980.76340045,105,"Bangladesh"
161,164,2008,1,1693952.46552758,105,"Bangladesh"
161,164,2008,2,1618637.39476018,105,"Bangladesh"
161,164,2008,3,3312589.86028776,105,"Bangladesh"
161,164,2009,1,1659138.66262321,105,"Bangladesh"
161,164,2009,2,1584945.88858614,105,"Bangladesh"
161,164,2009,3,3244084.55120935,105,"Bangladesh"
161,164,2010,1,1625408.57030145,105,"Bangladesh"
161,164,2010,2,1552301.24857013,105,"Bangladesh"
161,164,2010,3,3177709.81887158,105,"Bangladesh"
161,164,2011,1,1591861.33056299,105,"Bangladesh"
161,164,2011,2,1519766.3501346,105,"Bangladesh"
161,164,2011,3,3111627.68069759,105,"Bangladesh"
161,164,2012,1,1561876.64652401,105,"Bangladesh"
161,164,2012,2,1490666.32600566,105,"Bangladesh"
161,164,2012,3,3052542.97252967,105,"Bangladesh"
161,164,2013,1,1534935.61116985,105,"Bangladesh"
161,164,2013,2,1464462.50583281,105,"Bangladesh"
161,164,2013,3,2999398.11700266,105,"Bangladesh"
161,164,2014,1,1508914.4393604,105,"Bangladesh"
161,164,2014,2,1439140.58617895,105,"Bangladesh"
161,164,2014,3,2948055.02553935,105,"Bangladesh"
161,164,2015,1,1483973.45105984,105,"Bangladesh"
161,164,2015,2,1414850.39417421,105,"Bangladesh"
161,164,2015,3,2898823.84523405,105,"Bangladesh"
161,164,2016,1,1463807.10106289,105,"Bangladesh"
161,164,2016,2,1395103.42554364,105,"Bangladesh"
161,164,2016,3,2858910.52660653,105,"Bangladesh"
161,164,2017,1,1463591.18703669,105,"Bangladesh"
161,164,2017,2,1394883.98083086,105,"Bangladesh"
161,164,2017,3,2858475.16786755,105,"Bangladesh"
164,164,1950,1,207147.301778142,105,"Nepal"
164,164,1950,2,197198.005998336,105,"Nepal"
164,164,1950,3,404345.307776478,105,"Nepal"
164,164,1951,1,209655.091250808,105,"Nepal"
164,164,1951,2,199590.04714749,105,"Nepal"
164,164,1951,3,409245.138398298,105,"Nepal"
164,164,1952,1,212130.184084038,105,"Nepal"
164,164,1952,2,201949.749965771,105,"Nepal"
164,164,1952,3,414079.934049809,105,"Nepal"
164,164,1953,1,214509.067973383,105,"Nepal"
164,164,1953,2,204218.045546819,105,"Nepal"
164,164,1953,3,418727.113520202,105,"Nepal"
164,164,1954,1,216798.086930704,105,"Nepal"
164,164,1954,2,206400.922596085,105,"Nepal"
164,164,1954,3,423199.009526789,105,"Nepal"
164,164,1955,1,218945.933066983,105,"Nepal"
164,164,1955,2,208445.068835427,105,"Nepal"
164,164,1955,3,427391.00190241,105,"Nepal"
164,164,1956,1,221056.412142321,105,"Nepal"
164,164,1956,2,210453.754009895,105,"Nepal"
164,164,1956,3,431510.166152216,105,"Nepal"
164,164,1957,1,223196.856322861,105,"Nepal"
164,164,1957,2,212490.942823161,105,"Nepal"
164,164,1957,3,435687.799146022,105,"Nepal"
164,164,1958,1,225369.732280017,105,"Nepal"
164,164,1958,2,214558.890942326,105,"Nepal"
164,164,1958,3,439928.623222344,105,"Nepal"
164,164,1959,1,227618.077822501,105,"Nepal"
164,164,1959,2,216704.336808366,105,"Nepal"
164,164,1959,3,444322.414630867,105,"Nepal"
164,164,1960,1,229984.281202733,105,"Nepal"
164,164,1960,2,218961.284490456,105,"Nepal"
164,164,1960,3,448945.565693189,105,"Nepal"
164,164,1961,1,232540.038526979,105,"Nepal"
164,164,1961,2,221397.920327356,105,"Nepal"
164,164,1961,3,453937.958854335,105,"Nepal"
164,164,1962,1,234878.067299174,105,"Nepal"
164,164,1962,2,223589.858465402,105,"Nepal"
164,164,1962,3,458467.925764576,105,"Nepal"
164,164,1963,1,237373.607936825,105,"Nepal"
164,164,1963,2,225932.118499404,105,"Nepal"
164,164,1963,3,463305.726436229,105,"Nepal"
164,164,1964,1,240030.838086833,105,"Nepal"
164,164,1964,2,228419.883405898,105,"Nepal"
164,164,1964,3,468450.721492731,105,"Nepal"
164,164,1965,1,243997.863052814,105,"Nepal"
164,164,1965,2,232154.396975859,105,"Nepal"
164,164,1965,3,476152.260028672,105,"Nepal"
164,164,1966,1,247884.208905429,105,"Nepal"
164,164,1966,2,235812.46750415,105,"Nepal"
164,164,1966,3,483696.67640958,105,"Nepal"
164,164,1967,1,251702.822545255,105,"Nepal"
164,164,1967,2,239406.618019215,105,"Nepal"
164,164,1967,3,491109.44056447,105,"Nepal"
164,164,1968,1,255660.213042721,105,"Nepal"
164,164,1968,2,243133.479433612,105,"Nepal"
164,164,1968,3,498793.692476333,105,"Nepal"
164,164,1969,1,260004.614315287,105,"Nepal"
164,164,1969,2,247228.48157428,105,"Nepal"
164,164,1969,3,507233.095889567,105,"Nepal"
164,164,1970,1,266123.813112192,105,"Nepal"
164,164,1970,2,253011.788757236,105,"Nepal"
164,164,1970,3,519135.601869428,105,"Nepal"
164,164,1971,1,272255.559016195,105,"Nepal"
164,164,1971,2,258807.658685997,105,"Nepal"
164,164,1971,3,531063.217702192,105,"Nepal"
164,164,1972,1,279157.400152871,105,"Nepal"
164,164,1972,2,265334.585702768,105,"Nepal"
164,164,1972,3,544491.985855639,105,"Nepal"
164,164,1973,1,286538.374178226,105,"Nepal"
164,164,1973,2,272318.016347306,105,"Nepal"
164,164,1973,3,558856.390525532,105,"Nepal"
164,164,1974,1,293892.366072834,105,"Nepal"
164,164,1974,2,279281.953956231,105,"Nepal"
164,164,1974,3,573174.320029066,105,"Nepal"
164,164,1975,1,301267.630919583,105,"Nepal"
164,164,1975,2,286265.772527788,105,"Nepal"
164,164,1975,3,587533.403447371,105,"Nepal"
164,164,1976,1,309004.701060319,105,"Nepal"
164,164,1976,2,293594.851455696,105,"Nepal"
164,164,1976,3,602599.552516014,105,"Nepal"
164,164,1977,1,317059.998312368,105,"Nepal"
164,164,1977,2,301227.132869174,105,"Nepal"
164,164,1977,3,618287.131181542,105,"Nepal"
164,164,1978,1,325063.39631947,105,"Nepal"
164,164,1978,2,308811.196191998,105,"Nepal"
164,164,1978,3,633874.592511469,105,"Nepal"
164,164,1979,1,332794.270202401,105,"Nepal"
164,164,1979,2,316111.357091812,105,"Nepal"
164,164,1979,3,648905.627294212,105,"Nepal"
164,164,1980,1,339559.29144454,105,"Nepal"
164,164,1980,2,322493.984152365,105,"Nepal"
164,164,1980,3,662053.275596905,105,"Nepal"
164,164,1981,1,346156.580489362,105,"Nepal"
164,164,1981,2,328720.101097165,105,"Nepal"
164,164,1981,3,674876.681586527,105,"Nepal"
164,164,1982,1,352569.634696437,105,"Nepal"
164,164,1982,2,334771.519178904,105,"Nepal"
164,164,1982,3,687341.153875341,105,"Nepal"
164,164,1983,1,358684.640300788,105,"Nepal"
164,164,1983,2,340539.233299889,105,"Nepal"
164,164,1983,3,699223.873600678,105,"Nepal"
164,164,1984,1,364502.551105754,105,"Nepal"
164,164,1984,2,346031.035757978,105,"Nepal"
164,164,1984,3,710533.586863731,105,"Nepal"
164,164,1985,1,369356.464838342,105,"Nepal"
164,164,1985,2,350615.286477643,105,"Nepal"
164,164,1985,3,719971.751315985,105,"Nepal"
164,164,1986,1,373698.737815142,105,"Nepal"
164,164,1986,2,354721.648492724,105,"Nepal"
164,164,1986,3,728420.386307866,105,"Nepal"
164,164,1987,1,377940.886860559,105,"Nepal"
164,164,1987,2,358733.082275354,105,"Nepal"
164,164,1987,3,736673.969135913,105,"Nepal"
164,164,1988,1,382463.266214449,105,"Nepal"
164,164,1988,2,363008.618778804,105,"Nepal"
164,164,1988,3,745471.884993253,105,"Nepal"
164,164,1989,1,387027.247137506,105,"Nepal"
164,164,1989,2,367366.557843959,105,"Nepal"
164,164,1989,3,754393.804981465,105,"Nepal"
164,164,1990,1,390789.797083195,105,"Nepal"
164,164,1990,2,370959.572618813,105,"Nepal"
164,164,1990,3,761749.369702008,105,"Nepal"
164,164,1991,1,394002.314265521,105,"Nepal"
164,164,1991,2,374029.28000148,105,"Nepal"
164,164,1991,3,768031.594267001,105,"Nepal"
164,164,1992,1,396420.805059644,105,"Nepal"
164,164,1992,2,376348.517098955,105,"Nepal"
164,164,1992,3,772769.322158599,105,"Nepal"
164,164,1993,1,398519.046524003,105,"Nepal"
164,164,1993,2,378362.637481278,105,"Nepal"
164,164,1993,3,776881.68400528,105,"Nepal"
164,164,1994,1,400393.235219791,105,"Nepal"
164,164,1994,2,380061.091440265,105,"Nepal"
164,164,1994,3,780454.326660056,105,"Nepal"
164,164,1995,1,401268.0484249,105,"Nepal"
164,164,1995,2,380778.074206212,105,"Nepal"
164,164,1995,3,782046.122631111,105,"Nepal"
164,164,1996,1,400776.088983689,105,"Nepal"
164,164,1996,2,380196.830869443,105,"Nepal"
164,164,1996,3,780972.919853131,105,"Nepal"
164,164,1997,1,398780.824305769,105,"Nepal"
164,164,1997,2,378199.536108124,105,"Nepal"
164,164,1997,3,776980.360413893,105,"Nepal"
164,164,1998,1,395678.881913963,105,"Nepal"
164,164,1998,2,375154.13195583,105,"Nepal"
164,164,1998,3,770833.013869793,105,"Nepal"
164,164,1999,1,391720.099585807,105,"Nepal"
164,164,1999,2,371298.194385167,105,"Nepal"
164,164,1999,3,763018.293970974,105,"Nepal"
164,164,2000,1,386850.032204822,105,"Nepal"
164,164,2000,2,366590.7274536,105,"Nepal"
164,164,2000,3,753440.759658422,105,"Nepal"
164,164,2001,1,381148.227167897,105,"Nepal"
164,164,2001,2,361105.342409238,105,"Nepal"
164,164,2001,3,742253.569577135,105,"Nepal"
164,164,2002,1,374757.656209505,105,"Nepal"
164,164,2002,2,354885.834527237,105,"Nepal"
164,164,2002,3,729643.490736741,105,"Nepal"
164,164,2003,1,367727.176250784,105,"Nepal"
164,164,2003,2,348065.601437077,105,"Nepal"
164,164,2003,3,715792.777687861,105,"Nepal"
164,164,2004,1,360953.095536802,105,"Nepal"
164,164,2004,2,341497.189308337,105,"Nepal"
164,164,2004,3,702450.284845139,105,"Nepal"
164,164,2005,1,355620.164415971,105,"Nepal"
164,164,2005,2,336314.360420778,105,"Nepal"
164,164,2005,3,691934.52483675,105,"Nepal"
164,164,2006,1,351028.075257685,105,"Nepal"
164,164,2006,2,331830.653127322,105,"Nepal"
164,164,2006,3,682858.728385007,105,"Nepal"
164,164,2007,1,346161.288039033,105,"Nepal"
164,164,2007,2,327074.449343787,105,"Nepal"
164,164,2007,3,673235.73738282,105,"Nepal"
164,164,2008,1,341192.02148437,105,"Nepal"
164,164,2008,2,322221.923737867,105,"Nepal"
164,164,2008,3,663413.945222237,105,"Nepal"
164,164,2009,1,336494.118837506,105,"Nepal"
164,164,2009,2,317707.772840696,105,"Nepal"
164,164,2009,3,654201.891678202,105,"Nepal"
164,164,2010,1,332657.117191454,105,"Nepal"
164,164,2010,2,313983.241639962,105,"Nepal"
164,164,2010,3,646640.358831417,105,"Nepal"
164,164,2011,1,329950.473259217,105,"Nepal"
164,164,2011,2,311325.830127568,105,"Nepal"
164,164,2011,3,641276.303386785,105,"Nepal"
164,164,2012,1,328038.185806306,105,"Nepal"
164,164,2012,2,309446.81736497,105,"Nepal"
164,164,2012,3,637485.003171276,105,"Nepal"
164,164,2013,1,326578.177318599,105,"Nepal"
164,164,2013,2,307993.552037282,105,"Nepal"
164,164,2013,3,634571.729355881,105,"Nepal"
164,164,2014,1,325199.849504564,105,"Nepal"
164,164,2014,2,306637.712636269,105,"Nepal"
164,164,2014,3,631837.562140833,105,"Nepal"
164,164,2015,1,323477.704464936,105,"Nepal"
164,164,2015,2,304997.564285649,105,"Nepal"
164,164,2015,3,628475.268750585,105,"Nepal"
164,164,2016,1,322448.635300748,105,"Nepal"
164,164,2016,2,304013.895471026,105,"Nepal"
164,164,2016,3,626462.530771773,105,"Nepal"
164,164,2017,1,325634.836663062,105,"Nepal"
164,164,2017,2,307011.837241432,105,"Nepal"
164,164,2017,3,632646.673904494,105,"Nepal"
179,164,1950,1,479536.912835738,105,"Ethiopia"
179,164,1950,2,453501.26322999,105,"Ethiopia"
179,164,1950,3,933038.176065727,105,"Ethiopia"
179,164,1951,1,489695.172220264,105,"Ethiopia"
179,164,1951,2,463105.812145538,105,"Ethiopia"
179,164,1951,3,952800.984365801,105,"Ethiopia"
179,164,1952,1,500458.818927697,105,"Ethiopia"
179,164,1952,2,473282.147553682,105,"Ethiopia"
179,164,1952,3,973740.966481379,105,"Ethiopia"
179,164,1953,1,510751.133482582,105,"Ethiopia"
179,164,1953,2,483012.115639261,105,"Ethiopia"
179,164,1953,3,993763.249121844,105,"Ethiopia"
179,164,1954,1,520648.628756743,105,"Ethiopia"
179,164,1954,2,492368.060715529,105,"Ethiopia"
179,164,1954,3,1013016.68947227,105,"Ethiopia"
179,164,1955,1,530726.471873893,105,"Ethiopia"
179,164,1955,2,501893.810378192,105,"Ethiopia"
179,164,1955,3,1032620.28225208,105,"Ethiopia"
179,164,1956,1,540148.184238876,105,"Ethiopia"
179,164,1956,2,510791.764528981,105,"Ethiopia"
179,164,1956,3,1050939.94876786,105,"Ethiopia"
179,164,1957,1,548483.953543387,105,"Ethiopia"
179,164,1957,2,518658.072857515,105,"Ethiopia"
179,164,1957,3,1067142.0264009,105,"Ethiopia"
179,164,1958,1,556061.52882131,105,"Ethiopia"
179,164,1958,2,525798.180539676,105,"Ethiopia"
179,164,1958,3,1081859.70936099,105,"Ethiopia"
179,164,1959,1,565004.251828615,105,"Ethiopia"
179,164,1959,2,534229.164586172,105,"Ethiopia"
179,164,1959,3,1099233.41641479,105,"Ethiopia"
179,164,1960,1,575273.16341374,105,"Ethiopia"
179,164,1960,2,543913.63623749,105,"Ethiopia"
179,164,1960,3,1119186.79965123,105,"Ethiopia"
179,164,1961,1,584207.51994428,105,"Ethiopia"
179,164,1961,2,552329.663833612,105,"Ethiopia"
179,164,1961,3,1136537.18377789,105,"Ethiopia"
179,164,1962,1,591962.868479394,105,"Ethiopia"
179,164,1962,2,559630.813304992,105,"Ethiopia"
179,164,1962,3,1151593.68178439,105,"Ethiopia"
179,164,1963,1,601903.336538192,105,"Ethiopia"
179,164,1963,2,568997.736044198,105,"Ethiopia"
179,164,1963,3,1170901.07258239,105,"Ethiopia"
179,164,1964,1,617116.437648506,105,"Ethiopia"
179,164,1964,2,583348.011603045,105,"Ethiopia"
179,164,1964,3,1200464.44925155,105,"Ethiopia"
179,164,1965,1,632302.816821586,105,"Ethiopia"
179,164,1965,2,597667.428858629,105,"Ethiopia"
179,164,1965,3,1229970.24568021,105,"Ethiopia"
179,164,1966,1,650044.066400983,105,"Ethiopia"
179,164,1966,2,614400.872672344,105,"Ethiopia"
179,164,1966,3,1264444.93907333,105,"Ethiopia"
179,164,1967,1,667674.804901094,105,"Ethiopia"
179,164,1967,2,631028.503508322,105,"Ethiopia"
179,164,1967,3,1298703.30840942,105,"Ethiopia"
179,164,1968,1,688004.579789917,105,"Ethiopia"
179,164,1968,2,650205.464036836,105,"Ethiopia"
179,164,1968,3,1338210.04382675,105,"Ethiopia"
179,164,1969,1,711150.512943655,105,"Ethiopia"
179,164,1969,2,672042.442333578,105,"Ethiopia"
179,164,1969,3,1383192.95527723,105,"Ethiopia"
179,164,1970,1,734138.771777855,105,"Ethiopia"
179,164,1970,2,693723.276053915,105,"Ethiopia"
179,164,1970,3,1427862.04783177,105,"Ethiopia"
179,164,1971,1,762176.186922106,105,"Ethiopia"
179,164,1971,2,720170.77853738,105,"Ethiopia"
179,164,1971,3,1482346.96545949,105,"Ethiopia"
179,164,1972,1,792392.088543749,105,"Ethiopia"
179,164,1972,2,748674.310434794,105,"Ethiopia"
179,164,1972,3,1541066.39897854,105,"Ethiopia"
179,164,1973,1,824893.851499087,105,"Ethiopia"
179,164,1973,2,779327.651784026,105,"Ethiopia"
179,164,1973,3,1604221.50328311,105,"Ethiopia"
179,164,1974,1,859108.162490714,105,"Ethiopia"
179,164,1974,2,811596.070085039,105,"Ethiopia"
179,164,1974,3,1670704.23257575,105,"Ethiopia"
179,164,1975,1,891874.572028297,105,"Ethiopia"
179,164,1975,2,842491.707634818,105,"Ethiopia"
179,164,1975,3,1734366.27966312,105,"Ethiopia"
179,164,1976,1,908665.863391181,105,"Ethiopia"
179,164,1976,2,858280.033946971,105,"Ethiopia"
179,164,1976,3,1766945.89733815,105,"Ethiopia"
179,164,1977,1,916781.021632503,105,"Ethiopia"
179,164,1977,2,865873.646853614,105,"Ethiopia"
179,164,1977,3,1782654.66848612,105,"Ethiopia"
179,164,1978,1,919381.66748953,105,"Ethiopia"
179,164,1978,2,868253.357052233,105,"Ethiopia"
179,164,1978,3,1787635.02454176,105,"Ethiopia"
179,164,1979,1,904030.168734811,105,"Ethiopia"
179,164,1979,2,853679.077723873,105,"Ethiopia"
179,164,1979,3,1757709.24645868,105,"Ethiopia"
179,164,1980,1,937290.22629213,105,"Ethiopia"
179,164,1980,2,884987.469735946,105,"Ethiopia"
179,164,1980,3,1822277.69602808,105,"Ethiopia"
179,164,1981,1,997972.584078674,105,"Ethiopia"
179,164,1981,2,942169.9315954,105,"Ethiopia"
179,164,1981,3,1940142.51567407,105,"Ethiopia"
179,164,1982,1,1028989.8165369,105,"Ethiopia"
179,164,1982,2,971342.586360263,105,"Ethiopia"
179,164,1982,3,2000332.40289716,105,"Ethiopia"
179,164,1983,1,1047454.60838131,105,"Ethiopia"
179,164,1983,2,988906.578307509,105,"Ethiopia"
179,164,1983,3,2036361.18668882,105,"Ethiopia"
179,164,1984,1,1054264.53513828,105,"Ethiopia"
179,164,1984,2,995446.245524555,105,"Ethiopia"
179,164,1984,3,2049710.78066284,105,"Ethiopia"
179,164,1985,1,1072966.57730481,105,"Ethiopia"
179,164,1985,2,1013102.96842946,105,"Ethiopia"
179,164,1985,3,2086069.54573427,105,"Ethiopia"
179,164,1986,1,1114833.90048894,105,"Ethiopia"
179,164,1986,2,1052587.89194386,105,"Ethiopia"
179,164,1986,3,2167421.7924328,105,"Ethiopia"
179,164,1987,1,1167893.02772644,105,"Ethiopia"
179,164,1987,2,1102634.66212055,105,"Ethiopia"
179,164,1987,3,2270527.68984699,105,"Ethiopia"
179,164,1988,1,1211145.71953066,105,"Ethiopia"
179,164,1988,2,1143832.66463222,105,"Ethiopia"
179,164,1988,3,2354978.38416287,105,"Ethiopia"
179,164,1989,1,1245409.37857534,105,"Ethiopia"
179,164,1989,2,1176800.10478857,105,"Ethiopia"
179,164,1989,3,2422209.48336391,105,"Ethiopia"
179,164,1990,1,1317692.98041714,105,"Ethiopia"
179,164,1990,2,1245662.56997568,105,"Ethiopia"
179,164,1990,3,2563355.55039281,105,"Ethiopia"
179,164,1991,1,1369762.46127693,105,"Ethiopia"
179,164,1991,2,1295413.47087535,105,"Ethiopia"
179,164,1991,3,2665175.93215227,105,"Ethiopia"
179,164,1992,1,1382284.98235572,105,"Ethiopia"
179,164,1992,2,1307704.9174724,105,"Ethiopia"
179,164,1992,3,2689989.89982812,105,"Ethiopia"
179,164,1993,1,1415287.44855748,105,"Ethiopia"
179,164,1993,2,1339363.29050625,105,"Ethiopia"
179,164,1993,3,2754650.73906372,105,"Ethiopia"
179,164,1994,1,1458565.63112252,105,"Ethiopia"
179,164,1994,2,1380770.85646332,105,"Ethiopia"
179,164,1994,3,2839336.48758583,105,"Ethiopia"
179,164,1995,1,1499415.38109917,105,"Ethiopia"
179,164,1995,2,1419735.46590622,105,"Ethiopia"
179,164,1995,3,2919150.84700539,105,"Ethiopia"
179,164,1996,1,1524309.03722836,105,"Ethiopia"
179,164,1996,2,1443596.23521387,105,"Ethiopia"
179,164,1996,3,2967905.27244223,105,"Ethiopia"
179,164,1997,1,1536455.07854783,105,"Ethiopia"
179,164,1997,2,1455316.57190977,105,"Ethiopia"
179,164,1997,3,2991771.6504576,105,"Ethiopia"
179,164,1998,1,1552591.04116296,105,"Ethiopia"
179,164,1998,2,1470787.23870993,105,"Ethiopia"
179,164,1998,3,3023378.27987289,105,"Ethiopia"
179,164,1999,1,1584412.4122723,105,"Ethiopia"
179,164,1999,2,1500999.44172524,105,"Ethiopia"
179,164,1999,3,3085411.85399753,105,"Ethiopia"
179,164,2000,1,1621637.72591344,105,"Ethiopia"
179,164,2000,2,1536319.48111059,105,"Ethiopia"
179,164,2000,3,3157957.20702402,105,"Ethiopia"
179,164,2001,1,1647671.7661686,105,"Ethiopia"
179,164,2001,2,1561050.2527708,105,"Ethiopia"
179,164,2001,3,3208722.0189394,105,"Ethiopia"
179,164,2002,1,1657616.34560878,105,"Ethiopia"
179,164,2002,2,1570432.62622439,105,"Ethiopia"
179,164,2002,3,3228048.97183317,105,"Ethiopia"
179,164,2003,1,1665459.02554467,105,"Ethiopia"
179,164,2003,2,1577635.18953996,105,"Ethiopia"
179,164,2003,3,3243094.21508463,105,"Ethiopia"
179,164,2004,1,1684635.01329535,105,"Ethiopia"
179,164,2004,2,1595548.89737772,105,"Ethiopia"
179,164,2004,3,3280183.91067307,105,"Ethiopia"
179,164,2005,1,1710038.29126372,105,"Ethiopia"
179,164,2005,2,1619602.97125994,105,"Ethiopia"
179,164,2005,3,3329641.26252367,105,"Ethiopia"
179,164,2006,1,1729048.0257712,105,"Ethiopia"
179,164,2006,2,1637578.52704755,105,"Ethiopia"
179,164,2006,3,3366626.55281875,105,"Ethiopia"
179,164,2007,1,1732214.32950837,105,"Ethiopia"
179,164,2007,2,1640511.83702654,105,"Ethiopia"
179,164,2007,3,3372726.16653491,105,"Ethiopia"
179,164,2008,1,1724312.18802261,105,"Ethiopia"
179,164,2008,2,1632922.73558787,105,"Ethiopia"
179,164,2008,3,3357234.92361048,105,"Ethiopia"
179,164,2009,1,1721010.3950224,105,"Ethiopia"
179,164,2009,2,1629831.50827952,105,"Ethiopia"
179,164,2009,3,3350841.90330193,105,"Ethiopia"
179,164,2010,1,1730941.60277836,105,"Ethiopia"
179,164,2010,2,1639698.05280578,105,"Ethiopia"
179,164,2010,3,3370639.65558413,105,"Ethiopia"
179,164,2011,1,1749071.74407556,105,"Ethiopia"
179,164,2011,2,1657311.83535427,105,"Ethiopia"
179,164,2011,3,3406383.57942983,105,"Ethiopia"
179,164,2012,1,1764723.18734412,105,"Ethiopia"
179,164,2012,2,1672551.37416199,105,"Ethiopia"
179,164,2012,3,3437274.56150611,105,"Ethiopia"
179,164,2013,1,1782463.96934978,105,"Ethiopia"
179,164,2013,2,1689701.31646511,105,"Ethiopia"
179,164,2013,3,3472165.28581489,105,"Ethiopia"
179,164,2014,1,1808805.19157479,105,"Ethiopia"
179,164,2014,2,1714717.32018658,105,"Ethiopia"
179,164,2014,3,3523522.51176137,105,"Ethiopia"
179,164,2015,1,1834786.0906839,105,"Ethiopia"
179,164,2015,2,1739399.87498009,105,"Ethiopia"
179,164,2015,3,3574185.96566399,105,"Ethiopia"
179,164,2016,1,1861602.09666238,105,"Ethiopia"
179,164,2016,2,1764851.06045236,105,"Ethiopia"
179,164,2016,3,3626453.15711474,105,"Ethiopia"
179,164,2017,1,1906516.40940077,105,"Ethiopia"
179,164,2017,2,1807443.08730954,105,"Ethiopia"
179,164,2017,3,3713959.49671031,105,"Ethiopia"
185,164,1950,1,67304.141896988,105,"Rwanda"
185,164,1950,2,65405.5743229816,105,"Rwanda"
185,164,1950,3,132709.71621997,105,"Rwanda"
185,164,1951,1,68338.2669704528,105,"Rwanda"
185,164,1951,2,66410.6626870741,105,"Rwanda"
185,164,1951,3,134748.929657527,105,"Rwanda"
185,164,1952,1,69471.4668559473,105,"Rwanda"
185,164,1952,2,67512.0623408623,105,"Rwanda"
185,164,1952,3,136983.52919681,105,"Rwanda"
185,164,1953,1,70541.8334150797,105,"Rwanda"
185,164,1953,2,68552.4343731265,105,"Rwanda"
185,164,1953,3,139094.267788206,105,"Rwanda"
185,164,1954,1,71539.4970962011,105,"Rwanda"
185,164,1954,2,69522.2015107833,105,"Rwanda"
185,164,1954,3,141061.698606984,105,"Rwanda"
185,164,1955,1,72571.0515896989,105,"Rwanda"
185,164,1955,2,70524.9462696243,105,"Rwanda"
185,164,1955,3,143095.997859323,105,"Rwanda"
185,164,1956,1,73703.582640735,105,"Rwanda"
185,164,1956,2,71625.8078612953,105,"Rwanda"
185,164,1956,3,145329.39050203,105,"Rwanda"
185,164,1957,1,74997.7143962212,105,"Rwanda"
185,164,1957,2,72883.9143733299,105,"Rwanda"
185,164,1957,3,147881.628769551,105,"Rwanda"
185,164,1958,1,76377.1403600906,105,"Rwanda"
185,164,1958,2,74224.620383203,105,"Rwanda"
185,164,1958,3,150601.760743294,105,"Rwanda"
185,164,1959,1,77669.0867925637,105,"Rwanda"
185,164,1959,2,75480.4068099792,105,"Rwanda"
185,164,1959,3,153149.493602543,105,"Rwanda"
185,164,1960,1,78723.2644116538,105,"Rwanda"
185,164,1960,2,76505.2086883663,105,"Rwanda"
185,164,1960,3,155228.47310002,105,"Rwanda"
185,164,1961,1,79438.1403727226,105,"Rwanda"
185,164,1961,2,77200.297136106,105,"Rwanda"
185,164,1961,3,156638.437508829,105,"Rwanda"
185,164,1962,1,79433.0947187102,105,"Rwanda"
185,164,1962,2,77195.8570152362,105,"Rwanda"
185,164,1962,3,156628.951733946,105,"Rwanda"
185,164,1963,1,79719.4807960007,105,"Rwanda"
185,164,1963,2,77474.7922595047,105,"Rwanda"
185,164,1963,3,157194.273055505,105,"Rwanda"
185,164,1964,1,81744.1924109229,105,"Rwanda"
185,164,1964,2,79443.2573105541,105,"Rwanda"
185,164,1964,3,161187.449721477,105,"Rwanda"
185,164,1965,1,84883.9929834385,105,"Rwanda"
185,164,1965,2,82495.6119070922,105,"Rwanda"
185,164,1965,3,167379.604890531,105,"Rwanda"
185,164,1966,1,88740.0397198816,105,"Rwanda"
185,164,1966,2,86244.3471158219,105,"Rwanda"
185,164,1966,3,174984.386835704,105,"Rwanda"
185,164,1967,1,92457.9486123284,105,"Rwanda"
185,164,1967,2,89859.1159035335,105,"Rwanda"
185,164,1967,3,182317.064515862,105,"Rwanda"
185,164,1968,1,95032.8367233286,105,"Rwanda"
185,164,1968,2,92363.2900099992,105,"Rwanda"
185,164,1968,3,187396.126733328,105,"Rwanda"
185,164,1969,1,96703.9827095326,105,"Rwanda"
185,164,1969,2,93989.4739457013,105,"Rwanda"
185,164,1969,3,190693.456655234,105,"Rwanda"
185,164,1970,1,98099.4089360643,105,"Rwanda"
185,164,1970,2,95348.4041058185,105,"Rwanda"
185,164,1970,3,193447.813041883,105,"Rwanda"
185,164,1971,1,100284.520169085,105,"Rwanda"
185,164,1971,2,97489.2798828256,105,"Rwanda"
185,164,1971,3,197773.800051911,105,"Rwanda"
185,164,1972,1,102763.854586474,105,"Rwanda"
185,164,1972,2,99916.8151606079,105,"Rwanda"
185,164,1972,3,202680.669747082,105,"Rwanda"
185,164,1973,1,105575.84538228,105,"Rwanda"
185,164,1973,2,102667.717546227,105,"Rwanda"
185,164,1973,3,208243.562928507,105,"Rwanda"
185,164,1974,1,109323.275984883,105,"Rwanda"
185,164,1974,2,106329.20578472,105,"Rwanda"
185,164,1974,3,215652.481769602,105,"Rwanda"
185,164,1975,1,113671.769999559,105,"Rwanda"
185,164,1975,2,110577.716188492,105,"Rwanda"
185,164,1975,3,224249.486188051,105,"Rwanda"
185,164,1976,1,117928.709478058,105,"Rwanda"
185,164,1976,2,114737.959688831,105,"Rwanda"
185,164,1976,3,232666.669166888,105,"Rwanda"
185,164,1977,1,122170.222765328,105,"Rwanda"
185,164,1977,2,118883.866231539,105,"Rwanda"
185,164,1977,3,241054.088996867,105,"Rwanda"
185,164,1978,1,126760.696825996,105,"Rwanda"
185,164,1978,2,123380.126680654,105,"Rwanda"
185,164,1978,3,250140.82350665,105,"Rwanda"
185,164,1979,1,130229.759160554,105,"Rwanda"
185,164,1979,2,126786.040365707,105,"Rwanda"
185,164,1979,3,257015.799526261,105,"Rwanda"
185,164,1980,1,133893.938698646,105,"Rwanda"
185,164,1980,2,130381.553925822,105,"Rwanda"
185,164,1980,3,264275.492624468,105,"Rwanda"
185,164,1981,1,138869.636470091,105,"Rwanda"
185,164,1981,2,135260.867354245,105,"Rwanda"
185,164,1981,3,274130.503824336,105,"Rwanda"
185,164,1982,1,143468.070776088,105,"Rwanda"
185,164,1982,2,139775.903828581,105,"Rwanda"
185,164,1982,3,283243.97460467,105,"Rwanda"
185,164,1983,1,150445.787335732,105,"Rwanda"
185,164,1983,2,146597.746154873,105,"Rwanda"
185,164,1983,3,297043.533490604,105,"Rwanda"
185,164,1984,1,153875.58782646,105,"Rwanda"
185,164,1984,2,149965.658952046,105,"Rwanda"
185,164,1984,3,303841.246778506,105,"Rwanda"
185,164,1985,1,154178.401229254,105,"Rwanda"
185,164,1985,2,150278.842980785,105,"Rwanda"
185,164,1985,3,304457.244210039,105,"Rwanda"
185,164,1986,1,157586.466897572,105,"Rwanda"
185,164,1986,2,153603.48480001,105,"Rwanda"
185,164,1986,3,311189.951697582,105,"Rwanda"
185,164,1987,1,162151.406607997,105,"Rwanda"
185,164,1987,2,158059.068022447,105,"Rwanda"
185,164,1987,3,320210.474630444,105,"Rwanda"
185,164,1988,1,165365.577391622,105,"Rwanda"
185,164,1988,2,161200.339243851,105,"Rwanda"
185,164,1988,3,326565.916635473,105,"Rwanda"
185,164,1989,1,165906.355474457,105,"Rwanda"
185,164,1989,2,161736.063937967,105,"Rwanda"
185,164,1989,3,327642.419412425,105,"Rwanda"
185,164,1990,1,165086.663149492,105,"Rwanda"
185,164,1990,2,160935.346383311,105,"Rwanda"
185,164,1990,3,326022.009532804,105,"Rwanda"
185,164,1991,1,164080.058201886,105,"Rwanda"
185,164,1991,2,159955.122230484,105,"Rwanda"
185,164,1991,3,324035.18043237,105,"Rwanda"
185,164,1992,1,165954.654895764,105,"Rwanda"
185,164,1992,2,161770.591124841,105,"Rwanda"
185,164,1992,3,327725.246020604,105,"Rwanda"
185,164,1993,1,130434.197794194,105,"Rwanda"
185,164,1993,2,127126.146417869,105,"Rwanda"
185,164,1993,3,257560.344212063,105,"Rwanda"
185,164,1994,1,109609.820084276,105,"Rwanda"
185,164,1994,2,106819.7782607,105,"Rwanda"
185,164,1994,3,216429.598344976,105,"Rwanda"
185,164,1995,1,125941.494850296,105,"Rwanda"
185,164,1995,2,122730.598072214,105,"Rwanda"
185,164,1995,3,248672.09292251,105,"Rwanda"
185,164,1996,1,146114.462719697,105,"Rwanda"
185,164,1996,2,142381.65090553,105,"Rwanda"
185,164,1996,3,288496.113625227,105,"Rwanda"
185,164,1997,1,168484.903667006,105,"Rwanda"
185,164,1997,2,164169.383741068,105,"Rwanda"
185,164,1997,3,332654.287408074,105,"Rwanda"
185,164,1998,1,170042.104465278,105,"Rwanda"
185,164,1998,2,165677.124986089,105,"Rwanda"
185,164,1998,3,335719.229451366,105,"Rwanda"
185,164,1999,1,169149.00067978,105,"Rwanda"
185,164,1999,2,164795.847422246,105,"Rwanda"
185,164,1999,3,333944.848102026,105,"Rwanda"
185,164,2000,1,168972.866124309,105,"Rwanda"
185,164,2000,2,164614.474454195,105,"Rwanda"
185,164,2000,3,333587.340578504,105,"Rwanda"
185,164,2001,1,169703.654598522,105,"Rwanda"
185,164,2001,2,165317.523707443,105,"Rwanda"
185,164,2001,3,335021.178305965,105,"Rwanda"
185,164,2002,1,170572.224471379,105,"Rwanda"
185,164,2002,2,166150.070845919,105,"Rwanda"
185,164,2002,3,336722.295317298,105,"Rwanda"
185,164,2003,1,171553.653349529,105,"Rwanda"
185,164,2003,2,167126.261695467,105,"Rwanda"
185,164,2003,3,338679.915044996,105,"Rwanda"
185,164,2004,1,172063.561851449,105,"Rwanda"
185,164,2004,2,167641.631310006,105,"Rwanda"
185,164,2004,3,339705.193161456,105,"Rwanda"
185,164,2005,1,173102.264747036,105,"Rwanda"
185,164,2005,2,168675.209959184,105,"Rwanda"
185,164,2005,3,341777.47470622,105,"Rwanda"
185,164,2006,1,175003.261917931,105,"Rwanda"
185,164,2006,2,170546.862025913,105,"Rwanda"
185,164,2006,3,345550.123943844,105,"Rwanda"
185,164,2007,1,177190.783873355,105,"Rwanda"
185,164,2007,2,172700.699760014,105,"Rwanda"
185,164,2007,3,349891.483633369,105,"Rwanda"
185,164,2008,1,179563.525872776,105,"Rwanda"
185,164,2008,2,175028.729702689,105,"Rwanda"
185,164,2008,3,354592.255575465,105,"Rwanda"
185,164,2009,1,182817.490614685,105,"Rwanda"
185,164,2009,2,178225.938641605,105,"Rwanda"
185,164,2009,3,361043.42925629,105,"Rwanda"
185,164,2010,1,187691.965981226,105,"Rwanda"
185,164,2010,2,183012.276252408,105,"Rwanda"
185,164,2010,3,370704.242233634,105,"Rwanda"
185,164,2011,1,192438.633907737,105,"Rwanda"
185,164,2011,2,187659.290638407,105,"Rwanda"
185,164,2011,3,380097.924546144,105,"Rwanda"
185,164,2012,1,196281.797750146,105,"Rwanda"
185,164,2012,2,191425.487221417,105,"Rwanda"
185,164,2012,3,387707.284971563,105,"Rwanda"
185,164,2013,1,199177.138284581,105,"Rwanda"
185,164,2013,2,194250.857788322,105,"Rwanda"
185,164,2013,3,393427.996072903,105,"Rwanda"
185,164,2014,1,201257.149310838,105,"Rwanda"
185,164,2014,2,196288.557041973,105,"Rwanda"
185,164,2014,3,397545.706352811,105,"Rwanda"
185,164,2015,1,204238.205997677,105,"Rwanda"
185,164,2015,2,199208.151749231,105,"Rwanda"
185,164,2015,3,403446.357746908,105,"Rwanda"
185,164,2016,1,208611.451500454,105,"Rwanda"
185,164,2016,2,203464.53422482,105,"Rwanda"
185,164,2016,3,412075.985725274,105,"Rwanda"
185,164,2017,1,214361.560281817,105,"Rwanda"
185,164,2017,2,209062.705386643,105,"Rwanda"
185,164,2017,3,423424.26566846,105,"Rwanda"
216,164,1950,1,66369.7705863944,105,"Senegal"
216,164,1950,2,63937.7037315243,105,"Senegal"
216,164,1950,3,130307.474317919,105,"Senegal"
216,164,1951,1,68104.4908163214,105,"Senegal"
216,164,1951,2,65609.1164871573,105,"Senegal"
216,164,1951,3,133713.607303479,105,"Senegal"
216,164,1952,1,69701.7259765848,105,"Senegal"
216,164,1952,2,67148.1248878443,105,"Senegal"
216,164,1952,3,136849.850864429,105,"Senegal"
216,164,1953,1,71375.3835892359,105,"Senegal"
216,164,1953,2,68760.8013829969,105,"Senegal"
216,164,1953,3,140136.184972233,105,"Senegal"
216,164,1954,1,73185.9243898261,105,"Senegal"
216,164,1954,2,70505.404050278,105,"Senegal"
216,164,1954,3,143691.328440104,105,"Senegal"
216,164,1955,1,74952.4968149586,105,"Senegal"
216,164,1955,2,72207.7066082149,105,"Senegal"
216,164,1955,3,147160.203423174,105,"Senegal"
216,164,1956,1,76356.2299764638,105,"Senegal"
216,164,1956,2,73554.1269310222,105,"Senegal"
216,164,1956,3,149910.356907486,105,"Senegal"
216,164,1957,1,77471.7243884464,105,"Senegal"
216,164,1957,2,74623.2031082394,105,"Senegal"
216,164,1957,3,152094.927496686,105,"Senegal"
216,164,1958,1,79125.8156890135,105,"Senegal"
216,164,1958,2,76211.6342089349,105,"Senegal"
216,164,1958,3,155337.449897948,105,"Senegal"
216,164,1959,1,81110.2079697061,105,"Senegal"
216,164,1959,2,78118.4529033868,105,"Senegal"
216,164,1959,3,159228.660873093,105,"Senegal"
216,164,1960,1,83090.8009630005,105,"Senegal"
216,164,1960,2,80021.8504503898,105,"Senegal"
216,164,1960,3,163112.65141339,105,"Senegal"
216,164,1961,1,85742.4264923457,105,"Senegal"
216,164,1961,2,82571.6504119662,105,"Senegal"
216,164,1961,3,168314.076904312,105,"Senegal"
216,164,1962,1,88103.0654248774,105,"Senegal"
216,164,1962,2,84841.4621401918,105,"Senegal"
216,164,1962,3,172944.527565069,105,"Senegal"
216,164,1963,1,92264.0053549718,105,"Senegal"
216,164,1963,2,88845.4942104971,105,"Senegal"
216,164,1963,3,181109.499565469,105,"Senegal"
216,164,1964,1,96440.408754986,105,"Senegal"
216,164,1964,2,92864.5357800433,105,"Senegal"
216,164,1964,3,189304.944535029,105,"Senegal"
216,164,1965,1,101142.81266426,105,"Senegal"
216,164,1965,2,97390.2896869529,105,"Senegal"
216,164,1965,3,198533.102351213,105,"Senegal"
216,164,1966,1,104139.886693786,105,"Senegal"
216,164,1966,2,100279.160508118,105,"Senegal"
216,164,1966,3,204419.047201904,105,"Senegal"
216,164,1967,1,105838.268312243,105,"Senegal"
216,164,1967,2,101917.726252031,105,"Senegal"
216,164,1967,3,207755.994564274,105,"Senegal"
216,164,1968,1,108921.946557386,105,"Senegal"
216,164,1968,2,104890.268918737,105,"Senegal"
216,164,1968,3,213812.215476123,105,"Senegal"
216,164,1969,1,112284.058257535,105,"Senegal"
216,164,1969,2,108136.267320324,105,"Senegal"
216,164,1969,3,220420.325577859,105,"Senegal"
216,164,1970,1,116389.22310762,105,"Senegal"
216,164,1970,2,112098.977377222,105,"Senegal"
216,164,1970,3,228488.200484842,105,"Senegal"
216,164,1971,1,119553.498837102,105,"Senegal"
216,164,1971,2,115162.176937867,105,"Senegal"
216,164,1971,3,234715.675774969,105,"Senegal"
216,164,1972,1,122529.294403499,105,"Senegal"
216,164,1972,2,118044.228956509,105,"Senegal"
216,164,1972,3,240573.523360008,105,"Senegal"
216,164,1973,1,125906.548836352,105,"Senegal"
216,164,1973,2,121313.26418896,105,"Senegal"
216,164,1973,3,247219.813025313,105,"Senegal"
216,164,1974,1,129066.653212668,105,"Senegal"
216,164,1974,2,124371.919215809,105,"Senegal"
216,164,1974,3,253438.572428477,105,"Senegal"
216,164,1975,1,132080.345737058,105,"Senegal"
216,164,1975,2,127294.904588751,105,"Senegal"
216,164,1975,3,259375.250325809,105,"Senegal"
216,164,1976,1,135021.027661096,105,"Senegal"
216,164,1976,2,130155.384191476,105,"Senegal"
216,164,1976,3,265176.411852572,105,"Senegal"
216,164,1977,1,138697.471934083,105,"Senegal"
216,164,1977,2,133721.271605641,105,"Senegal"
216,164,1977,3,272418.743539724,105,"Senegal"
216,164,1978,1,142141.16526121,105,"Senegal"
216,164,1978,2,137063.154912269,105,"Senegal"
216,164,1978,3,279204.320173479,105,"Senegal"
216,164,1979,1,144987.346903754,105,"Senegal"
216,164,1979,2,139835.029061461,105,"Senegal"
216,164,1979,3,284822.375965215,105,"Senegal"
216,164,1980,1,147278.389099376,105,"Senegal"
216,164,1980,2,142070.423780729,105,"Senegal"
216,164,1980,3,289348.812880104,105,"Senegal"
216,164,1981,1,149616.643164298,105,"Senegal"
216,164,1981,2,144351.172259971,105,"Senegal"
216,164,1981,3,293967.815424269,105,"Senegal"
216,164,1982,1,152647.935313114,105,"Senegal"
216,164,1982,2,147293.186487263,105,"Senegal"
216,164,1982,3,299941.121800378,105,"Senegal"
216,164,1983,1,155990.231975538,105,"Senegal"
216,164,1983,2,150540.815690223,105,"Senegal"
216,164,1983,3,306531.047665761,105,"Senegal"
216,164,1984,1,159208.160150605,105,"Senegal"
216,164,1984,2,153674.45276398,105,"Senegal"
216,164,1984,3,312882.612914585,105,"Senegal"
216,164,1985,1,161655.49857134,105,"Senegal"
216,164,1985,2,156063.462654284,105,"Senegal"
216,164,1985,3,317718.961225624,105,"Senegal"
216,164,1986,1,164275.146834193,105,"Senegal"
216,164,1986,2,158618.708206042,105,"Senegal"
216,164,1986,3,322893.855040235,105,"Senegal"
216,164,1987,1,167995.137737966,105,"Senegal"
216,164,1987,2,162218.086325327,105,"Senegal"
216,164,1987,3,330213.224063293,105,"Senegal"
216,164,1988,1,170574.598565126,105,"Senegal"
216,164,1988,2,164706.055817765,105,"Senegal"
216,164,1988,3,335280.654382891,105,"Senegal"
216,164,1989,1,172493.798716618,105,"Senegal"
216,164,1989,2,166525.734042301,105,"Senegal"
216,164,1989,3,339019.532758919,105,"Senegal"
216,164,1990,1,174006.277359356,105,"Senegal"
216,164,1990,2,167955.641173603,105,"Senegal"
216,164,1990,3,341961.918532959,105,"Senegal"
216,164,1991,1,176213.134092349,105,"Senegal"
216,164,1991,2,170042.241863593,105,"Senegal"
216,164,1991,3,346255.375955942,105,"Senegal"
216,164,1992,1,178736.410401537,105,"Senegal"
216,164,1992,2,172410.097639723,105,"Senegal"
216,164,1992,3,351146.50804126,105,"Senegal"
216,164,1993,1,181172.910725934,105,"Senegal"
216,164,1993,2,174720.009221897,105,"Senegal"
216,164,1993,3,355892.919947831,105,"Senegal"
216,164,1994,1,183868.104066272,105,"Senegal"
216,164,1994,2,177310.724998737,105,"Senegal"
216,164,1994,3,361178.829065009,105,"Senegal"
216,164,1995,1,186351.30216809,105,"Senegal"
216,164,1995,2,179696.688432163,105,"Senegal"
216,164,1995,3,366047.990600254,105,"Senegal"
216,164,1996,1,189125.486259318,105,"Senegal"
216,164,1996,2,182351.305523012,105,"Senegal"
216,164,1996,3,371476.79178233,105,"Senegal"
216,164,1997,1,192204.491485848,105,"Senegal"
216,164,1997,2,185298.672569139,105,"Senegal"
216,164,1997,3,377503.164054986,105,"Senegal"
216,164,1998,1,195335.436930092,105,"Senegal"
216,164,1998,2,188300.364675482,105,"Senegal"
216,164,1998,3,383635.801605574,105,"Senegal"
216,164,1999,1,198845.553968684,105,"Senegal"
216,164,1999,2,191654.323397318,105,"Senegal"
216,164,1999,3,390499.877366002,105,"Senegal"
216,164,2000,1,202567.981373266,105,"Senegal"
216,164,2000,2,195212.873502314,105,"Senegal"
216,164,2000,3,397780.854875581,105,"Senegal"
216,164,2001,1,206670.602209962,105,"Senegal"
216,164,2001,2,199157.023438495,105,"Senegal"
216,164,2001,3,405827.625648456,105,"Senegal"
216,164,2002,1,211074.486357682,105,"Senegal"
216,164,2002,2,203389.551662342,105,"Senegal"
216,164,2002,3,414464.038020024,105,"Senegal"
216,164,2003,1,215384.069898483,105,"Senegal"
216,164,2003,2,207533.413656877,105,"Senegal"
216,164,2003,3,422917.48355536,105,"Senegal"
216,164,2004,1,219449.058758439,105,"Senegal"
216,164,2004,2,211443.200928638,105,"Senegal"
216,164,2004,3,430892.259687077,105,"Senegal"
216,164,2005,1,223543.819521012,105,"Senegal"
216,164,2005,2,215383.393745541,105,"Senegal"
216,164,2005,3,438927.213266553,105,"Senegal"
216,164,2006,1,227576.491599526,105,"Senegal"
216,164,2006,2,219275.669390454,105,"Senegal"
216,164,2006,3,446852.16098998,105,"Senegal"
216,164,2007,1,231000.499762925,105,"Senegal"
216,164,2007,2,222588.702744497,105,"Senegal"
216,164,2007,3,453589.202507421,105,"Senegal"
216,164,2008,1,233889.526558656,105,"Senegal"
216,164,2008,2,225410.348709297,105,"Senegal"
216,164,2008,3,459299.875267953,105,"Senegal"
216,164,2009,1,236483.420316364,105,"Senegal"
216,164,2009,2,227950.443536481,105,"Senegal"
216,164,2009,3,464433.863852845,105,"Senegal"
216,164,2010,1,238459.645158984,105,"Senegal"
216,164,2010,2,229899.879115641,105,"Senegal"
216,164,2010,3,468359.524274625,105,"Senegal"
216,164,2011,1,239902.323725759,105,"Senegal"
216,164,2011,2,231326.138421374,105,"Senegal"
216,164,2011,3,471228.462147134,105,"Senegal"
216,164,2012,1,241031.983876045,105,"Senegal"
216,164,2012,2,232457.701526708,105,"Senegal"
216,164,2012,3,473489.685402752,105,"Senegal"
216,164,2013,1,242366.572046998,105,"Senegal"
216,164,2013,2,233776.001425484,105,"Senegal"
216,164,2013,3,476142.573472482,105,"Senegal"
216,164,2014,1,244259.851355074,105,"Senegal"
216,164,2014,2,235649.482300295,105,"Senegal"
216,164,2014,3,479909.333655369,105,"Senegal"
216,164,2015,1,246138.264216875,105,"Senegal"
216,164,2015,2,237512.465296731,105,"Senegal"
216,164,2015,3,483650.729513607,105,"Senegal"
216,164,2016,1,248381.685560944,105,"Senegal"
216,164,2016,2,239704.808744071,105,"Senegal"
216,164,2016,3,488086.494305015,105,"Senegal"
216,164,2017,1,252757.722933538,105,"Senegal"
216,164,2017,2,243955.923916221,105,"Senegal"
216,164,2017,3,496713.64684976,105,"Senegal"
